day,open,high,low,close,volume,entry,20daymax,maxday,HoldDays,ProfitRate,preday,preopen,prehigh,prelow,preclose,prevolume
2020/7/24,90.987503,92.970001,89.144997,92.614998,185438800,89.5274974,124.8675,2020/8/21,28,39.474%,2020/7/23,96.997498,97.077499,92.010002,92.845001,197004400
2020/7/28,94.3675,94.550003,93.247498,93.252502,103625600,93.3777485,128.785004,2020/8/24,27,37.918%,2020/7/27,93.709999,94.904999,93.480003,94.809998,121214000
2020/7/27,93.709999,94.904999,93.480003,94.809998,121214000,93.6225026,128.785004,2020/8/24,28,37.558%,2020/7/24,90.987503,92.970001,89.144997,92.614998,185438800
2020/7/29,93.75,95.230003,93.712502,95.040001,90329200,93.8642521,128.785004,2020/8/24,26,37.203%,2020/7/28,94.3675,94.550003,93.247498,93.252502,103625600
2020/7/30,94.1875,96.297501,93.767502,96.190002,158130000,94.0205019,128.785004,2020/8/24,25,36.975%,2020/7/29,93.75,95.230003,93.712502,95.040001,90329200
2020/3/23,57.02,57.125,53.1525,56.092499,336752800,53.54975,72.0625,2020/4/14,22,34.571%,2020/3/20,61.794998,62.9575,57,57.310001,401693200
2020/7/23,96.997498,97.077499,92.010002,92.845001,197004400,92.5167517,118.392502,2020/8/20,28,27.969%,2020/7/22,96.692497,97.974998,96.602501,97.272499,89001600
2020/7/31,102.885002,106.415001,100.824997,106.260002,374336800,101.3839974,128.785004,2020/8/24,24,27.027%,2020/7/30,94.1875,96.297501,93.767502,96.190002,158130000
2020/8/5,109.377502,110.392502,108.897499,110.0625,121992000,109.0469993,137.979996,2020/9/2,28,26.533%,2020/8/4,109.1325,110.790001,108.387497,109.665001,173071600
2020/8/11,111.970001,112.482498,109.107498,109.375,187902400,109.444998,137.979996,2020/9/2,22,26.072%,2020/8/10,112.599998,113.775002,110,112.727501,212403600
2020/4/2,60.084999,61.287498,59.224998,61.232498,165934000,59.431248,74.75,2020/5/1,29,25.776%,2020/4/1,61.625,62.18,59.782501,60.227501,176218400
2020/8/6,110.404999,114.412498,109.797501,113.902496,202428800,110.2590007,137.979996,2020/9/2,27,25.142%,2020/8/5,109.377502,110.392502,108.897499,110.0625,121992000
2020/3/20,61.794998,62.9575,57,57.310001,401693200,57.59575,72.0625,2020/4/14,25,25.118%,2020/3/19,61.8475,63.209999,60.6525,61.195,271857200
2020/8/10,112.599998,113.775002,110,112.727501,212403600,110.3775002,137.979996,2020/9/2,23,25.007%,2020/8/7,113.205002,113.675003,110.292503,111.112503,198045600
2020/4/3,60.700001,61.424999,59.7425,60.352501,129880000,59.9107499,74.75,2020/5/1,28,24.769%,2020/4/2,60.084999,61.287498,59.224998,61.232498,165934000
2020/8/12,110.497498,113.275002,110.297501,113.010002,165944800,110.5952511,137.979996,2020/9/2,21,24.761%,2020/8/11,111.970001,112.482498,109.107498,109.375,187902400
2020/8/7,113.205002,113.675003,110.292503,111.112503,198045600,110.630753,137.979996,2020/9/2,26,24.721%,2020/8/6,110.404999,114.412498,109.797501,113.902496,202428800
2020/8/4,109.1325,110.790001,108.387497,109.665001,173071600,108.6277474,134.800003,2020/9/1,28,24.094%,2020/8/3,108.199997,111.637497,107.892502,108.9375,308151200
2020/4/1,61.625,62.18,59.782501,60.227501,176218400,60.0222509,73.6325,2020/4/30,29,22.675%,2020/3/31,63.900002,65.622498,63,63.572498,197002000
2020/3/24,59.09,61.922501,58.575001,61.720001,287531200,58.909751,72.0625,2020/4/14,21,22.327%,2020/3/23,57.02,57.125,53.1525,56.092499,336752800
2020/8/14,114.830002,115,113.044998,114.907501,165565200,113.2404982,137.979996,2020/9/2,19,21.847%,2020/8/13,114.43,116.042503,113.927498,115.010002,210082000
2020/7/14,94.839996,97.254997,93.877502,97.057503,170989200,94.2152515,114.412498,2020/8/6,23,21.437%,2020/7/13,97.264999,99.955002,95.2575,95.477501,191649200
2020/7/22,96.692497,97.974998,96.602501,97.272499,89001600,96.7397507,117.162498,2020/8/19,28,21.111%,2020/7/21,99.172501,99.25,96.7425,97,103646000
2020/8/3,108.199997,111.637497,107.892502,108.9375,308151200,108.2670015,131,2020/8/31,28,20.997%,2020/7/31,102.885002,106.415001,100.824997,106.260002,374336800
2020/7/17,96.987503,97.147499,95.839996,96.327499,92186800,95.9707463,116.042503,2020/8/13,27,20.914%,2020/7/16,96.5625,97.404999,95.904999,96.522499,110577600
2020/3/18,59.942501,62.5,59.279999,61.6675,300233600,59.6019991,72.0625,2020/4/14,27,20.906%,2020/3/17,61.877499,64.402496,59.599998,63.215,324056000
2020/8/13,114.43,116.042503,113.927498,115.010002,210082000,114.1389985,137.979996,2020/9/2,20,20.888%,2020/8/12,110.497498,113.275002,110.297501,113.010002,165944800
2020/8/17,116.0625,116.087502,113.962502,114.607498,119561600,114.175002,137.979996,2020/9/2,16,20.850%,2020/8/14,114.830002,115,113.044998,114.907501,165565200
2020/8/18,114.352501,116,114.0075,115.5625,105633600,114.20675,137.979996,2020/9/2,15,20.816%,2020/8/17,116.0625,116.087502,113.962502,114.607498,119561600
2020/7/16,96.5625,97.404999,95.904999,96.522499,110577600,96.054999,116.042503,2020/8/13,28,20.808%,2020/7/15,98.989998,99.247498,96.489998,97.724998,153198000
2020/9/21,104.540001,110.190002,103.099998,110.080002,195713800,103.8089984,125.389999,2020/10/13,22,20.789%,2020/9/18,110.400002,110.879997,106.089996,106.839996,287104900
2020/7/10,95.334999,95.980003,94.705002,95.919998,90257200,94.8325021,114.412498,2020/8/6,27,20.647%,2020/7/9,96.262497,96.317497,94.672501,95.752502,125642800
2020/7/9,96.262497,96.317497,94.672501,95.752502,125642800,94.8370006,114.412498,2020/8/6,28,20.641%,2020/7/8,94.18,95.375,94.089996,95.342499,117092000
2020/7/20,96.417503,98.5,96.0625,98.357498,90318000,96.30625,116.087502,2020/8/17,28,20.540%,2020/7/17,96.987503,97.147499,95.839996,96.327499,92186800
2020/7/6,92.5,93.945,92.467499,93.462502,118655600,92.6152491,111.637497,2020/8/3,28,20.539%,2020/7/2,91.962502,92.6175,90.910004,91.027496,114041600
2020/4/6,62.724998,65.777496,62.345001,65.6175,201820400,62.6882505,75.25,2020/5/5,29,20.038%,2020/4/3,60.700001,61.424999,59.7425,60.352501,129880000
2020/3/17,61.877499,64.402496,59.599998,63.215,324056000,60.0802478,72.0625,2020/4/14,28,19.944%,2020/3/16,60.487499,64.769997,60,60.552502,322423600
2020/4/21,69.07,69.3125,66.357498,67.092499,180991600,66.6529982,79.922501,2020/5/12,21,19.908%,2020/4/20,69.487503,70.419998,69.212502,69.232498,130015200
2020/7/7,93.852501,94.654999,93.057503,93.172501,112424400,93.2172526,111.637497,2020/8/3,27,19.761%,2020/7/6,92.5,93.945,92.467499,93.462502,118655600
2019/1/7,37.174999,37.2075,36.474998,36.982498,219111200,36.5482482,43.77,2019/2/5,29,19.760%,2019/1/4,36.1325,37.137501,35.950001,37.064999,234428400
2020/6/15,83.3125,86.419998,83.144997,85.747498,138808800,83.4724971,99.955002,2020/7/13,28,19.746%,2020/6/12,86.18,86.949997,83.555,84.699997,200146000
2020/7/21,99.172501,99.25,96.7425,97,103646000,96.99325,116.087502,2020/8/17,27,19.686%,2020/7/20,96.417503,98.5,96.0625,98.357498,90318000
2019/6/3,43.900002,44.48,42.567501,43.325001,161584400,42.7587509,51.122501,2019/7/1,28,19.560%,2019/5/31,44.057499,44.497501,43.747501,43.767502,108174400
2020/7/13,97.264999,99.955002,95.2575,95.477501,191649200,95.7272502,114.412498,2020/8/6,24,19.519%,2020/7/10,95.334999,95.980003,94.705002,95.919998,90257200
2020/8/19,115.982498,117.162498,115.610001,115.707497,145538000,115.7652507,137.979996,2020/9/2,14,19.189%,2020/8/18,114.352501,116,114.0075,115.5625,105633600
2020/3/16,60.487499,64.769997,60,60.552502,322423600,60.4769997,72.0625,2020/4/14,29,19.157%,2020/3/13,66.222504,69.980003,63.237499,69.4925,370732000
2020/6/12,86.18,86.949997,83.555,84.699997,200146000,83.8944997,99.955002,2020/7/13,31,19.144%,2020/6/11,87.327499,87.764999,83.870003,83.974998,201662400
2020/11/24,113.910004,115.849998,112.589996,115.169998,113874200,112.9159962,134.410004,2020/12/22,28,19.035%,2020/11/23,117.18,117.620003,113.75,113.849998,127959300
2019/1/4,36.1325,37.137501,35.950001,37.064999,234428400,36.068751,42.915001,2019/2/4,31,18.981%,2019/1/3,35.994999,36.43,35.5,35.547501,365248800
2020/8/20,115.75,118.392502,115.732498,118.275002,126907200,115.9984984,137.979996,2020/9/2,13,18.950%,2020/8/19,115.982498,117.162498,115.610001,115.707497,145538000
2020/4/13,67.077499,68.425003,66.457497,68.3125,131022800,66.6542476,79.262497,2020/5/11,28,18.916%,2020/4/9,67.175003,67.517502,66.175003,66.997498,162116400
2020/9/24,105.169998,110.25,105,108.220001,167743300,105.525,125.389999,2020/10/13,19,18.825%,2020/9/23,111.620003,112.110001,106.769997,107.120003,150718700
2020/5/27,79.035004,79.677498,78.272499,79.527496,112945200,78.4129989,93.095001,2020/6/23,27,18.724%,2020/5/26,80.875,81.059998,79.125,79.182503,125522000
2019/1/3,35.994999,36.43,35.5,35.547501,365248800,35.593,42.25,2019/1/31,28,18.703%,2019/1/2,38.7225,39.712502,38.557499,39.48,148158800
2020/7/8,94.18,95.375,94.089996,95.342499,117092000,94.2184964,111.637497,2020/8/3,26,18.488%,2020/7/7,93.852501,94.654999,93.057503,93.172501,112424400
2020/11/30,116.970001,120.970001,116.809998,119.050003,169410200,117.2259983,138.789993,2020/12/29,29,18.395%,2020/11/27,116.57,117.489998,116.220001,116.589996,46691300
2019/12/12,66.945,68.139999,66.830002,67.864998,137310400,66.9610017,79.267502,2020/1/13,32,18.379%,2019/12/11,67.202499,67.775002,67.125,67.692497,78756800
2020/3/19,61.8475,63.209999,60.6525,61.195,271857200,60.9082499,72.0625,2020/4/14,26,18.313%,2020/3/18,59.942501,62.5,59.279999,61.6675,300233600
2020/7/15,98.989998,99.247498,96.489998,97.724998,153198000,96.765748,114.412498,2020/8/6,22,18.237%,2020/7/14,94.839996,97.254997,93.877502,97.057503,170989200
2020/11/27,116.57,117.489998,116.220001,116.589996,46691300,116.3470007,137.339996,2020/12/28,31,18.043%,2020/11/25,115.550003,116.75,115.169998,116.029999,76499200
2019/1/8,37.389999,37.955002,37.130001,37.6875,164101200,37.2125011,43.892502,2019/2/6,29,17.951%,2019/1/7,37.174999,37.2075,36.474998,36.982498,219111200
2020/5/15,75.087502,76.974998,75.052498,76.927498,166348400,75.244748,88.692497,2020/6/10,26,17.872%,2020/5/14,76.127502,77.447502,75.3825,77.385002,158929200
2020/11/23,117.18,117.620003,113.75,113.849998,127959300,114.1370003,134.410004,2020/12/22,29,17.762%,2020/11/20,118.639999,118.769997,117.290001,117.339996,73604300
2020/5/28,79.192497,80.860001,78.907501,79.5625,133560800,79.102751,93.095001,2020/6/23,26,17.689%,2020/5/27,79.035004,79.677498,78.272499,79.527496,112945200
2020/9/18,110.400002,110.879997,106.089996,106.839996,287104900,106.5689961,125.389999,2020/10/13,25,17.661%,2020/9/17,109.720001,112.199997,108.709999,110.339996,178011000
2020/2/28,64.315002,69.602501,64.092499,68.339996,426884800,64.6434992,76,2020/3/3,4,17.568%,2020/2/27,70.275002,71.5,68.239998,68.379997,320605600
2019/1/14,37.712502,37.817501,37.305,37.5,129756800,37.3562501,43.892502,2019/2/6,23,17.497%,2019/1/11,38.220001,38.424999,37.877499,38.072498,108092800
2020/5/29,79.8125,80.287498,79.1175,79.485001,153598000,79.2344998,93.095001,2020/6/23,25,17.493%,2020/5/28,79.192497,80.860001,78.907501,79.5625,133560800
2020/5/26,80.875,81.059998,79.125,79.182503,125522000,79.3184998,93.095001,2020/6/23,28,17.369%,2020/5/22,78.942497,79.807503,78.837502,79.722504,81803200
2020/5/14,76.127502,77.447502,75.3825,77.385002,158929200,75.5890002,88.692497,2020/6/10,27,17.335%,2020/5/13,78.037498,78.987503,75.802498,76.912498,200622400
2020/3/25,62.6875,64.5625,61.075001,61.380001,303602000,61.4237509,72.0625,2020/4/14,20,17.320%,2020/3/24,59.09,61.922501,58.575001,61.720001,287531200
2020/6/1,79.4375,80.587502,79.302498,80.462502,80791200,79.4309984,93.095001,2020/6/23,22,17.202%,2020/5/29,79.8125,80.287498,79.1175,79.485001,153598000
2020/4/22,68.402496,69.474998,68.050003,69.025002,117057200,68.1925025,79.922501,2020/5/12,20,17.201%,2020/4/21,69.07,69.3125,66.357498,67.092499,180991600
2019/12/3,64.577499,64.8825,64.072502,64.862503,114430400,64.1535018,75.150002,2020/1/2,30,17.141%,2019/12/2,66.817497,67.0625,65.862503,66.040001,94487200
2019/12/13,67.864998,68.824997,67.732498,68.787498,133587600,67.8417479,79.392502,2020/1/14,32,17.026%,2019/12/12,66.945,68.139999,66.830002,67.864998,137310400
2020/4/9,67.175003,67.517502,66.175003,66.997498,162116400,66.3092529,77.587502,2020/5/8,29,17.009%,2020/4/8,65.684998,66.842499,65.307503,66.517502,168895200
2019/1/9,37.822498,38.6325,37.407501,38.327499,180396400,37.5300009,43.892502,2019/2/6,28,16.953%,2019/1/8,37.389999,37.955002,37.130001,37.6875,164101200
2020/9/23,111.620003,112.110001,106.769997,107.120003,150718700,107.3039974,125.389999,2020/10/13,20,16.855%,2020/9/22,112.68,112.860001,109.160004,111.809998,183055400
2020/7/2,91.962502,92.6175,90.910004,91.027496,114041600,91.0807536,106.415001,2020/7/31,29,16.836%,2020/7/1,91.279999,91.839996,90.977501,91.027496,110737200
2019/6/4,43.860001,44.9575,43.630001,44.91,123872000,43.7627509,51.122501,2019/7/1,27,16.817%,2019/6/3,43.900002,44.48,42.567501,43.325001,161584400
2019/1/15,37.567501,38.3475,37.512501,38.267502,114843600,37.5960009,43.892502,2019/2/6,22,16.748%,2019/1/14,37.712502,37.817501,37.305,37.5,129756800
2020/6/2,80.1875,80.860001,79.732498,80.834999,87642800,79.8452483,93.095001,2020/6/23,21,16.594%,2020/6/1,79.4375,80.587502,79.302498,80.462502,80791200
2019/12/10,67.150002,67.517502,66.464996,67.120003,90420400,66.5702466,77.607498,2020/1/9,30,16.580%,2019/12/9,67.5,67.699997,66.227501,66.730003,128042400
2020/4/8,65.684998,66.842499,65.307503,66.517502,168895200,65.4610026,76.292503,2020/5/7,29,16.546%,2020/4/7,67.699997,67.925003,64.75,64.857498,202887200
2020/11/25,115.550003,116.75,115.169998,116.029999,76499200,115.3279982,134.410004,2020/12/22,27,16.546%,2020/11/24,113.910004,115.849998,112.589996,115.169998,113874200
2020/5/13,78.037498,78.987503,75.802498,76.912498,200622400,76.1209985,88.692497,2020/6/10,28,16.515%,2020/5/12,79.457497,79.922501,77.727501,77.852501,162301200
2020/4/7,67.699997,67.925003,64.75,64.857498,202887200,65.0675003,75.809998,2020/5/6,29,16.510%,2020/4/6,62.724998,65.777496,62.345001,65.6175,201820400
2020/4/23,68.967499,70.4375,68.717499,68.7575,124814400,68.8894991,80.222504,2020/5/21,28,16.451%,2020/4/22,68.402496,69.474998,68.050003,69.025002,117057200
2020/3/26,61.630001,64.669998,61.59,64.610001,252087200,61.8979998,72.0625,2020/4/14,19,16.421%,2020/3/25,62.6875,64.5625,61.075001,61.380001,303602000
2019/3/8,42.580002,43.267502,42.375,43.227501,95997600,42.4642502,49.422501,2019/3/22,14,16.386%,2019/3/7,43.467499,43.610001,43.005001,43.125,99185600
2019/12/11,67.202499,67.775002,67.125,67.692497,78756800,67.1900002,78.167503,2020/1/10,30,16.338%,2019/12/10,67.150002,67.517502,66.464996,67.120003,90420400
2020/3/27,63.1875,63.967499,61.762501,61.935001,204216800,61.9830008,72.0625,2020/4/14,18,16.262%,2020/3/26,61.630001,64.669998,61.59,64.610001,252087200
2020/4/28,71.269997,71.457497,69.550003,69.644997,112004800,69.7407524,81.059998,2020/5/26,28,16.230%,2020/4/27,70.449997,71.135002,69.987503,70.792503,117087600
2019/1/10,38.125,38.4925,37.715,38.450001,143122800,37.79275,43.892502,2019/2/6,27,16.140%,2019/1/9,37.822498,38.6325,37.407501,38.327499,180396400
2020/6/5,80.837502,82.9375,80.807503,82.875,137250400,81.0205027,93.945,2020/7/6,31,15.952%,2020/6/4,81.097504,81.404999,80.195,80.580002,87560400
2020/9/25,108.43,112.440002,107.669998,112.279999,149981400,108.1469984,125.389999,2020/10/13,18,15.944%,2020/9/24,105.169998,110.25,105,108.220001,167743300
2020/6/4,81.097504,81.404999,80.195,80.580002,87560400,80.3159999,93.095001,2020/6/23,19,15.911%,2020/6/3,81.165001,81.550003,80.574997,81.279999,104491200
2019/10/3,54.607498,55.240002,53.782501,55.205002,114426000,53.9282511,62.4375,2019/10/29,26,15.779%,2019/10/2,55.764999,55.895,54.482498,54.740002,138449200
2019/1/11,38.220001,38.424999,37.877499,38.072498,108092800,37.932249,43.892502,2019/2/6,26,15.713%,2019/1/10,38.125,38.4925,37.715,38.450001,143122800
2020/6/16,87.864998,88.300003,86.18,88.019997,165428800,86.3920003,99.955002,2020/7/13,27,15.699%,2020/6/15,83.3125,86.419998,83.144997,85.747498,138808800
2020/4/27,70.449997,71.135002,69.987503,70.792503,117087600,70.1022529,81.059998,2020/5/26,29,15.631%,2020/4/24,69.300003,70.752502,69.25,70.7425,126508800
2020/4/24,69.300003,70.752502,69.25,70.7425,126508800,69.4002502,80.222504,2020/5/21,27,15.594%,2020/4/23,68.967499,70.4375,68.717499,68.7575,124814400
2019/1/24,38.5275,38.619999,37.935001,38.174999,101766000,38.0035008,43.892502,2019/2/6,13,15.496%,2019/1/23,38.537498,38.785,37.924999,38.48,92522400
2019/1/23,38.537498,38.785,37.924999,38.48,92522400,38.0109991,43.892502,2019/2/6,14,15.473%,2019/1/22,39.102501,39.182499,38.154999,38.325001,121576000
2020/6/19,88.660004,89.139999,86.287498,87.43,264476000,86.5727481,99.955002,2020/7/13,24,15.458%,2020/6/18,87.852501,88.362503,87.305,87.932503,96820400
2020/6/8,82.5625,83.400002,81.830002,83.364998,95654400,81.987002,94.654999,2020/7/7,29,15.451%,2020/6/5,80.837502,82.9375,80.807503,82.875,137250400
2020/6/3,81.165001,81.550003,80.574997,81.279999,104491200,80.6724976,93.095001,2020/6/23,20,15.399%,2020/6/2,80.1875,80.860001,79.732498,80.834999,87642800
2020/12/1,121.010002,123.470001,120.010002,122.720001,128166800,120.3560019,138.789993,2020/12/29,28,15.316%,2020/11/30,116.970001,120.970001,116.809998,119.050003,169410200
2020/3/30,62.685001,63.880001,62.349998,63.702499,167976400,62.5029983,72.0625,2020/4/14,15,15.294%,2020/3/27,63.1875,63.967499,61.762501,61.935001,204216800
2020/4/20,69.487503,70.419998,69.212502,69.232498,130015200,69.3332516,79.922501,2020/5/12,22,15.273%,2020/4/17,71.172501,71.737503,69.214996,70.699997,215250000
2019/2/22,42.895,43.25,42.845001,43.2425,75652800,42.8855009,49.422501,2019/3/22,28,15.243%,2019/2/21,42.950001,43.092499,42.575001,42.764999,68998800
2019/12/4,65.267502,65.827499,65.169998,65.434998,67181600,65.2357481,75.150002,2020/1/2,29,15.198%,2019/12/3,64.577499,64.8825,64.072502,64.862503,114430400
2020/8/21,119.262497,124.8675,119.25,124.370003,338054800,119.81175,137.979996,2020/9/2,12,15.164%,2020/8/20,115.75,118.392502,115.732498,118.275002,126907200
2020/12/10,120.5,123.870003,120.150002,123.239998,81312200,120.5220021,138.789993,2020/12/29,19,15.157%,2020/12/9,124.529999,125.949997,121,121.779999,115089200
2019/2/21,42.950001,43.092499,42.575001,42.764999,68998800,42.6267508,49.0825,2019/3/21,28,15.145%,2019/2/20,42.797501,43.330002,42.747501,43.0075,104457600
2020/4/17,71.172501,71.737503,69.214996,70.699997,215250000,69.4672467,79.922501,2020/5/12,25,15.051%,2020/4/16,71.845001,72.050003,70.587502,71.672501,157125200
2019/5/31,44.057499,44.497501,43.747501,43.767502,108174400,43.822501,50.392502,2019/6/27,27,14.992%,2019/5/30,44.487499,44.807499,44.1675,44.575001,84873600
2020/9/17,109.720001,112.199997,108.709999,110.339996,178011000,109.0589988,125.389999,2020/10/13,26,14.974%,2020/9/16,115.230003,116,112.040001,112.129997,154679000
2020/12/11,122.43,122.760002,120.550003,122.410004,86939800,120.7710029,138.789993,2020/12/29,18,14.920%,2020/12/10,120.5,123.870003,120.150002,123.239998,81312200
2019/10/8,56.455002,57.014999,56.0825,56.099998,111820000,56.1757499,64.547501,2019/11/5,28,14.903%,2019/10/7,56.567501,57.482498,56.459999,56.764999,122306000
2019/3/7,43.467499,43.610001,43.005001,43.125,99185600,43.065501,49.422501,2019/3/22,15,14.761%,2019/3/6,43.6675,43.872501,43.485001,43.630001,83241600
2019/1/22,39.102501,39.182499,38.154999,38.325001,121576000,38.257749,43.892502,2019/2/6,15,14.728%,2019/1/18,39.375,39.470001,38.994999,39.205002,135004000
2019/12/20,70.557503,70.662498,69.639999,69.860001,275978000,69.7422489,79.997498,2020/1/22,33,14.705%,2019/12/19,69.875,70.294998,69.737503,70.004997,98369200
2020/11/2,109.110001,110.68,107.32,108.769997,122866900,107.656,123.470001,2020/12/1,29,14.689%,2020/10/30,111.059998,111.989998,107.720001,108.860001,190272600
2019/12/9,67.5,67.699997,66.227501,66.730003,128042400,66.3747506,76.110001,2020/1/8,30,14.667%,2019/12/6,66.870003,67.75,66.824997,67.677498,106075600
2019/12/30,72.364998,73.172501,71.305,72.879997,144114400,71.4917501,81.962502,2020/1/29,30,14.646%,2019/12/27,72.779999,73.4925,72.029999,72.449997,146266000
2020/12/2,122.019997,123.370003,120.889999,123.080002,89004200,121.1379994,138.789993,2020/12/29,27,14.572%,2020/12/1,121.010002,123.470001,120.010002,122.720001,128166800
2020/4/14,70,72.0625,69.512497,71.762497,194994800,69.7674973,79.922501,2020/5/12,28,14.555%,2020/4/13,67.077499,68.425003,66.457497,68.3125,131022800
2019/1/16,38.27,38.970001,38.25,38.735001,122278800,38.3220001,43.892502,2019/2/6,21,14.536%,2019/1/15,37.567501,38.3475,37.512501,38.267502,114843600
2019/12/16,69.25,70.197502,69.245003,69.964996,128186000,69.3402529,79.392502,2020/1/14,29,14.497%,2019/12/13,67.864998,68.824997,67.732498,68.787498,133587600
2020/9/22,112.68,112.860001,109.160004,111.809998,183055400,109.5300037,125.389999,2020/10/13,21,14.480%,2020/9/21,104.540001,110.190002,103.099998,110.080002,195713800
2020/3/31,63.900002,65.622498,63,63.572498,197002000,63.2622498,72.417503,2020/4/29,29,14.472%,2020/3/30,62.685001,63.880001,62.349998,63.702499,167976400
2020/6/9,83.035004,86.402496,83.002502,85.997498,147712400,83.3425014,95.375,2020/7/8,29,14.437%,2020/6/8,82.5625,83.400002,81.830002,83.364998,95654400
2019/10/10,56.982498,57.610001,56.825001,57.522499,113013600,56.903501,65.087502,2019/11/7,28,14.382%,2019/10/9,56.7575,56.947498,56.41,56.7575,74770400
2020/6/18,87.852501,88.362503,87.305,87.932503,96820400,87.4107503,99.955002,2020/7/13,25,14.351%,2020/6/17,88.787498,88.849998,87.772499,87.897499,114406400
2019/10/9,56.7575,56.947498,56.41,56.7575,74770400,56.4637498,64.547501,2019/11/5,27,14.317%,2019/10/8,56.455002,57.014999,56.0825,56.099998,111820000
2020/6/11,87.327499,87.764999,83.870003,83.974998,201662400,84.2595026,96.317497,2020/7/9,28,14.311%,2020/6/10,86.974998,88.692497,86.522499,88.209999,166651600
2019/10/2,55.764999,55.895,54.482498,54.740002,138449200,54.6237482,62.4375,2019/10/29,27,14.305%,2019/10/1,56.267502,57.055,56.049999,56.147499,139223200
2019/2/27,43.302502,43.75,43.182499,43.717499,111341600,43.2392491,49.422501,2019/3/22,23,14.300%,2019/2/26,43.427502,43.825001,43.2925,43.5825,68280800
2019/12/5,65.947502,66.472504,65.682503,66.394997,74424400,65.7615031,75.150002,2020/1/2,28,14.277%,2019/12/4,65.267502,65.827499,65.169998,65.434998,67181600
2019/12/19,69.875,70.294998,69.737503,70.004997,98369200,69.7932525,79.754997,2020/1/21,33,14.273%,2019/12/18,69.949997,70.474998,69.779999,69.934998,116028400
2019/1/28,38.947498,39.0825,38.415001,39.075001,104768400,38.4817509,43.967499,2019/2/25,28,14.255%,2019/1/25,38.869999,39.532501,38.580002,39.439999,134142000
2020/12/9,124.529999,125.949997,121,121.779999,115089200,121.4949997,138.789993,2020/12/29,20,14.235%,2020/12/8,124.370003,124.980003,123.089996,124.379997,82225500
2019/1/17,38.549999,39.415001,38.314999,38.965,119284800,38.4249992,43.892502,2019/2/6,20,14.229%,2019/1/16,38.27,38.970001,38.25,38.735001,122278800
2019/12/24,71.172501,71.222504,70.730003,71.067497,48478800,70.7792531,80.832497,2020/1/24,31,14.204%,2019/12/23,70.1325,71.0625,70.092499,71,98572000
2019/3/1,43.57,43.787498,43.2225,43.7425,103544800,43.2789998,49.422501,2019/3/22,21,14.195%,2019/2/28,43.580002,43.727501,43.23,43.287498,112861600
2019/2/28,43.580002,43.727501,43.23,43.287498,112861600,43.2797501,49.422501,2019/3/22,22,14.193%,2019/2/27,43.302502,43.75,43.182499,43.717499,111341600
2019/10/4,56.41,56.872501,55.9725,56.752499,138478800,56.0625001,63.982498,2019/11/1,28,14.127%,2019/10/3,54.607498,55.240002,53.782501,55.205002,114426000
2020/5/18,78.292503,79.125,77.580002,78.739998,135372400,77.7345018,88.692497,2020/6/10,23,14.097%,2020/5/15,75.087502,76.974998,75.052498,76.927498,166348400
2020/12/4,122.599998,122.860001,121.519997,122.25,78260400,121.6539974,138.789993,2020/12/29,25,14.086%,2020/12/3,123.519997,123.779999,122.209999,122.940002,78967600
2019/12/18,69.949997,70.474998,69.779999,69.934998,116028400,69.8494989,79.684998,2020/1/17,30,14.081%,2019/12/17,69.892502,70.442497,69.699997,70.102501,114158400
2020/12/14,122.599998,123.349998,121.540001,121.779999,79184500,121.7210007,138.789993,2020/12/29,15,14.023%,2020/12/11,122.43,122.760002,120.550003,122.410004,86939800
2019/2/26,43.427502,43.825001,43.2925,43.5825,68280800,43.3457501,49.422501,2019/3/22,24,14.019%,2019/2/25,43.540001,43.967499,43.487499,43.557499,87493600
2019/5/29,44.105,44.837502,44,44.345001,113924800,44.0837502,50.247501,2019/6/26,28,13.982%,2019/5/28,44.73,45.147499,44.477501,44.557499,111792800
2020/4/29,71.182503,72.417503,70.972504,71.932503,137280800,71.1170039,81.059998,2020/5/26,27,13.981%,2020/4/28,71.269997,71.457497,69.550003,69.644997,112004800
2019/12/23,70.1325,71.0625,70.092499,71,98572000,70.1894991,79.997498,2020/1/22,30,13.974%,2019/12/20,70.557503,70.662498,69.639999,69.860001,275978000
2019/10/7,56.567501,57.482498,56.459999,56.764999,122306000,56.5622489,64.462502,2019/11/4,28,13.967%,2019/10/4,56.41,56.872501,55.9725,56.752499,138478800
2019/3/11,43.872501,44.779999,43.837502,44.724998,128044000,43.9317517,50.057499,2019/4/8,28,13.944%,2019/3/8,42.580002,43.267502,42.375,43.227501,95997600
2019/5/30,44.487499,44.807499,44.1675,44.575001,84873600,44.2314999,50.392502,2019/6/27,28,13.929%,2019/5/29,44.105,44.837502,44,44.345001,113924800
2020/5/22,78.942497,79.807503,78.837502,79.722504,81803200,78.9345021,89.864998,2020/6/22,31,13.848%,2020/5/21,79.665001,80.222504,78.967499,79.212502,102688800
2019/1/29,39.0625,39.532501,38.5275,38.669998,166348800,38.6280001,43.967499,2019/2/25,27,13.823%,2019/1/28,38.947498,39.0825,38.415001,39.075001,104768400
2020/5/12,79.457497,79.922501,77.727501,77.852501,162301200,77.947001,88.692497,2020/6/10,29,13.786%,2020/5/11,77.025002,79.262497,76.809998,78.752502,145946400
2019/12/17,69.892502,70.442497,69.699997,70.102501,114158400,69.774247,79.392502,2020/1/14,28,13.785%,2019/12/16,69.25,70.197502,69.245003,69.964996,128186000
2020/6/17,88.787498,88.849998,87.772499,87.897499,114406400,87.8802489,99.955002,2020/7/13,26,13.740%,2020/6/16,87.864998,88.300003,86.18,88.019997,165428800
2020/4/15,70.599998,71.582497,70.157501,71.107498,131154400,70.3000006,79.922501,2020/5/12,27,13.688%,2020/4/14,70,72.0625,69.512497,71.762497,194994800
2019/1/25,38.869999,39.532501,38.580002,39.439999,134142000,38.6752519,43.967499,2019/2/25,31,13.684%,2019/1/24,38.5275,38.619999,37.935001,38.174999,101766000
2020/6/22,87.834999,89.864998,87.787498,89.717499,135445200,87.995248,99.955002,2020/7/13,21,13.591%,2020/6/19,88.660004,89.139999,86.287498,87.43,264476000
2019/3/6,43.6675,43.872501,43.485001,43.630001,83241600,43.523751,49.422501,2019/3/22,16,13.553%,2019/3/5,43.985001,44,43.634998,43.8825,78949600
2019/2/25,43.540001,43.967499,43.487499,43.557499,87493600,43.535499,49.422501,2019/3/22,25,13.522%,2019/2/22,42.895,43.25,42.845001,43.2425,75652800
2020/6/29,88.3125,90.542503,87.82,90.445,130646000,88.0922503,99.955002,2020/7/13,14,13.466%,2020/6/26,91.102501,91.330002,88.254997,88.407501,205256800
2019/10/16,58.342499,58.810001,58.299999,58.592499,73903200,58.3509992,66.195,2019/11/13,28,13.443%,2019/10/15,59.0975,59.412498,58.720001,58.830002,87360000
2020/12/3,123.519997,123.779999,122.209999,122.940002,78967600,122.366999,138.789993,2020/12/29,26,13.421%,2020/12/2,122.019997,123.370003,120.889999,123.080002,89004200
2019/3/4,43.922501,44.4375,43.4925,43.962502,109744800,43.587,49.422501,2019/3/22,18,13.388%,2019/3/1,43.57,43.787498,43.2225,43.7425,103544800
2019/9/27,55.134998,55.240002,54.32,54.705002,101408000,54.4120002,61.682499,2019/10/25,28,13.362%,2019/9/26,55,55.235001,54.7075,54.9725,75334000
2019/12/26,71.205002,72.495003,71.175003,72.477501,93121200,71.307003,80.832497,2020/1/24,29,13.358%,2019/12/24,71.172501,71.222504,70.730003,71.067497,48478800
2020/5/19,78.7575,79.629997,78.252502,78.285004,101729600,78.3902515,88.849998,2020/6/17,29,13.343%,2020/5/18,78.292503,79.125,77.580002,78.739998,135372400
2020/12/7,122.309998,124.57,122.25,123.75,86712000,122.482,138.789993,2020/12/29,22,13.315%,2020/12/4,122.599998,122.860001,121.519997,122.25,78260400
2019/10/17,58.772499,59.037498,58.380001,58.82,67585200,58.4457507,66.220001,2019/11/14,28,13.302%,2019/10/16,58.342499,58.810001,58.299999,58.592499,73903200
2019/10/18,58.647499,59.395,58.572498,59.102501,97433600,58.6547482,66.445,2019/11/15,28,13.282%,2019/10/17,58.772499,59.037498,58.380001,58.82,67585200
2020/11/3,109.660004,111.489998,108.730003,110.440002,107624400,109.0060025,123.470001,2020/12/1,28,13.269%,2020/11/2,109.110001,110.68,107.32,108.769997,122866900
2019/3/5,43.985001,44,43.634998,43.8825,78949600,43.6714982,49.422501,2019/3/22,17,13.169%,2019/3/4,43.922501,44.4375,43.4925,43.962502,109744800
2019/8/15,50.865002,51.285,49.9175,50.435001,108909600,50.05425,56.605,2019/9/12,28,13.087%,2019/8/14,50.790001,51.610001,50.647499,50.6875,146189600
2019/12/31,72.482498,73.419998,72.379997,73.412498,100805600,72.4839971,81.962502,2020/1/29,29,13.077%,2019/12/30,72.364998,73.172501,71.305,72.879997,144114400
2020/4/16,71.845001,72.050003,70.587502,71.672501,157125200,70.7337521,79.922501,2020/5/12,26,12.991%,2020/4/15,70.599998,71.582497,70.157501,71.107498,131154400
2020/5/4,72.292503,73.422501,71.580002,73.290001,133568000,71.7642519,81.059998,2020/5/26,22,12.953%,2020/5/1,71.5625,74.75,71.462502,72.267502,240616800
2020/5/1,71.5625,74.75,71.462502,72.267502,240616800,71.7912518,81.059998,2020/5/26,25,12.911%,2020/4/30,72.489998,73.6325,72.087502,73.449997,183064000
2019/3/12,45,45.6675,44.842499,45.227501,129870400,44.9249991,50.712502,2019/4/9,28,12.883%,2019/3/11,43.872501,44.779999,43.837502,44.724998,128044000
2020/6/26,91.102501,91.330002,88.254997,88.407501,205256800,88.5624975,99.955002,2020/7/13,17,12.864%,2020/6/25,90.175003,91.25,89.392502,91.209999,137522400
2020/10/30,111.059998,111.989998,107.720001,108.860001,190272600,108.1470007,121.989998,2020/11/9,10,12.800%,2020/10/29,112.370003,116.93,112.199997,115.32,146129200
2019/5/23,44.950001,45.134998,44.452499,44.915001,146118800,44.5207489,50.212502,2019/6/21,29,12.784%,2019/5/22,46.165001,46.427502,45.637501,45.695,118994400
2019/5/28,44.73,45.147499,44.477501,44.557499,111792800,44.5445008,50.212502,2019/6/21,24,12.724%,2019/5/24,45.049999,45.535,44.654999,44.7425,94858800
2020/5/21,79.665001,80.222504,78.967499,79.212502,102688800,79.0929995,89.139999,2020/6/19,29,12.703%,2020/5/20,79.169998,79.879997,79.129997,79.807503,111504800
2019/9/30,55.224998,56.145,55.197498,55.9925,103909600,55.2922482,62.3125,2019/10/28,28,12.697%,2019/9/27,55.134998,55.240002,54.32,54.705002,101408000
2019/6/5,46.07,46.247501,45.285,45.634998,119093600,45.3812501,51.122501,2019/7/1,26,12.651%,2019/6/4,43.860001,44.9575,43.630001,44.91,123872000
2020/12/8,124.370003,124.980003,123.089996,124.379997,82225500,123.2789967,138.789993,2020/12/29,21,12.582%,2020/12/7,122.309998,124.57,122.25,123.75,86712000
2019/10/21,59.380001,60.247501,59.330002,60.127499,87247200,59.4217519,66.857498,2019/11/18,28,12.514%,2019/10/18,58.647499,59.395,58.572498,59.102501,97433600
2019/4/2,47.772499,48.615002,47.762501,48.505001,91062800,47.8477511,53.827499,2019/5/1,29,12.497%,2019/4/1,47.91,47.919998,47.095001,47.810001,111448000
2019/3/26,47.915001,48.220001,46.145,46.697498,199202000,46.3525001,52.119999,2019/4/24,29,12.443%,2019/3/25,47.877499,47.994999,46.650002,47.185001,175381200
2019/1/18,39.375,39.470001,38.994999,39.205002,135004000,39.0424992,43.892502,2019/2/6,19,12.422%,2019/1/17,38.549999,39.415001,38.314999,38.965,119284800
2019/12/6,66.870003,67.75,66.824997,67.677498,106075600,66.9174973,75.224998,2020/1/7,32,12.415%,2019/12/5,65.947502,66.472504,65.682503,66.394997,74424400
2019/10/31,61.810001,62.2925,59.314999,62.189999,139162000,59.6127491,67,2019/11/19,19,12.392%,2019/10/30,61.189999,61.325001,60.302502,60.814999,124522000
2019/6/6,45.77,46.3675,45.537498,46.305,90105200,45.6204982,51.27,2019/7/5,29,12.384%,2019/6/5,46.07,46.247501,45.285,45.634998,119093600
2019/5/24,45.049999,45.535,44.654999,44.7425,94858800,44.7429991,50.212502,2019/6/21,28,12.224%,2019/5/23,44.950001,45.134998,44.452499,44.915001,146118800
2020/4/30,72.489998,73.6325,72.087502,73.449997,183064000,72.2420018,81.059998,2020/5/26,26,12.206%,2020/4/29,71.182503,72.417503,70.972504,71.932503,137280800
2020/5/20,79.169998,79.879997,79.129997,79.807503,111504800,79.204997,88.849998,2020/6/17,28,12.177%,2020/5/19,78.7575,79.629997,78.252502,78.285004,101729600
2020/5/11,77.025002,79.262497,76.809998,78.752502,145946400,77.0552479,86.402496,2020/6/9,29,12.131%,2020/5/8,76.410004,77.587502,76.072502,77.532501,134048000
2019/8/23,52.357498,53.012501,50.25,50.66,187272000,50.5262501,56.605,2019/9/12,20,12.031%,2019/8/22,53.297501,53.610001,52.6875,53.115002,89014800
2019/12/27,72.779999,73.4925,72.029999,72.449997,146266000,72.1762491,80.832497,2020/1/24,28,11.993%,2019/12/26,71.205002,72.495003,71.175003,72.477501,93121200
2020/12/21,125.019997,128.309998,123.449997,128.229996,121251600,123.9359971,138.789993,2020/12/29,8,11.985%,2020/12/18,128.960007,129.100006,126.120003,126.660004,192541500
2019/3/13,45.5625,45.825001,45.23,45.427502,124130000,45.2895001,50.712502,2019/4/9,27,11.974%,2019/3/12,45,45.6675,44.842499,45.227501,129870400
2020/8/25,124.697502,125.18,123.052498,124.824997,211495600,123.2652482,137.979996,2020/9/2,8,11.937%,2020/8/24,128.697495,128.785004,123.9375,125.857498,345937600
2020/3/12,63.985001,67.5,62,62.057499,418474000,62.55,69.980003,2020/3/13,1,11.879%,2020/3/11,69.347504,70.305,67.964996,68.857498,255598800
2019/10/11,58.237499,59.41,58.077499,59.052502,166795600,58.2107491,65.110001,2019/11/8,28,11.852%,2019/10/10,56.982498,57.610001,56.825001,57.522499,113013600
2019/9/25,54.637501,55.375,54.285,55.2575,87613600,54.394,60.810001,2019/10/23,28,11.795%,2019/9/24,55.2575,55.622501,54.297501,54.419998,124763200
2019/9/26,55,55.235001,54.7075,54.9725,75334000,54.7602501,61.200001,2019/10/24,28,11.760%,2019/9/25,54.637501,55.375,54.285,55.2575,87613600
2019/10/15,59.0975,59.412498,58.720001,58.830002,87360000,58.7892507,65.697502,2019/11/12,28,11.751%,2019/10/14,58.724998,59.532501,58.6675,58.967499,96427600
2019/10/22,60.290001,60.549999,59.904999,59.990002,82293600,59.969499,67,2019/11/19,28,11.723%,2019/10/21,59.380001,60.247501,59.330002,60.127499,87247200
2020/1/6,73.447502,74.989998,73.1875,74.949997,118387200,73.3677498,81.962502,2020/1/29,23,11.715%,2020/1/3,74.287498,75.144997,74.125,74.357498,146322800
2019/10/14,58.724998,59.532501,58.6675,58.967499,96427600,58.7540001,65.6175,2019/11/11,28,11.682%,2019/10/11,58.237499,59.41,58.077499,59.052502,166795600
2019/9/3,51.607498,51.744999,51.055,51.424999,80092000,51.1239999,57.055,2019/10/1,28,11.601%,2019/8/30,52.540001,52.612499,51.799999,52.185001,84573600
2020/6/25,90.175003,91.25,89.392502,91.209999,137522400,89.5782518,99.955002,2020/7/13,18,11.584%,2020/6/24,91.25,92.197502,89.629997,90.014999,192623200
2019/3/27,47.1875,47.439999,46.637501,47.1175,119393600,46.7177508,52.119999,2019/4/24,28,11.564%,2019/3/26,47.915001,48.220001,46.145,46.697498,199202000
2019/8/14,50.790001,51.610001,50.647499,50.6875,146189600,50.7437492,56.605,2019/9/12,29,11.551%,2019/8/13,50.255001,53.035,50.119999,52.2425,188874000
2020/9/16,115.230003,116,112.040001,112.129997,154679000,112.4360009,125.389999,2020/10/13,27,11.521%,2020/9/15,118.330002,118.830002,113.610001,115.540001,184642000
2020/12/15,124.339996,127.900002,124.129997,127.879997,157572300,124.5069975,138.789993,2020/12/29,14,11.472%,2020/12/14,122.599998,123.349998,121.540001,121.779999,79184500
2020/10/2,112.889999,115.370003,112.220001,113.019997,144712000,112.5350012,125.389999,2020/10/13,11,11.423%,2020/10/1,117.639999,117.720001,115.830002,116.790001,116120400
2019/7/8,50.202499,50.349998,49.602501,50.005001,101354400,49.6772507,55.342499,2019/7/31,23,11.404%,2019/7/5,50.837502,51.27,50.724998,51.057499,69062000
2019/12/2,66.817497,67.0625,65.862503,66.040001,94487200,65.9825027,73.4925,2019/12/27,25,11.382%,2019/11/29,66.650002,67,66.474998,66.8125,46617600
2019/2/19,42.427502,42.860001,42.372501,42.732498,75891200,42.421251,47.247501,2019/3/19,28,11.377%,2019/2/15,42.8125,42.924999,42.4375,42.605,98507200
2020/10/6,115.699997,116.120003,112.25,113.160004,161498200,112.6370003,125.389999,2020/10/13,7,11.322%,2020/10/5,113.910004,116.650002,113.550003,116.5,106243800
2019/4/4,48.697498,49.092499,48.285,48.922501,76457200,48.3657499,53.827499,2019/5/1,27,11.293%,2019/4/3,48.3125,49.125,48.287498,48.837502,93087200
2019/4/3,48.3125,49.125,48.287498,48.837502,93087200,48.3712482,53.827499,2019/5/1,28,11.280%,2019/4/2,47.772499,48.615002,47.762501,48.505001,91062800
2019/9/24,55.2575,55.622501,54.297501,54.419998,124763200,54.430001,60.549999,2019/10/22,28,11.244%,2019/9/23,54.737499,54.959999,54.412498,54.68,76662000
2019/8/28,51.025002,51.43,50.830002,51.3825,63755200,50.8900018,56.605,2019/9/12,15,11.230%,2019/8/27,51.965,52.137501,50.8825,51.040001,103493200
2020/6/24,91.25,92.197502,89.629997,90.014999,192623200,89.8867475,99.955002,2020/7/13,19,11.201%,2020/6/23,91,93.095001,90.567497,91.6325,212155600
2019/10/1,56.267502,57.055,56.049999,56.147499,139223200,56.1504991,62.4375,2019/10/29,28,11.197%,2019/9/30,55.224998,56.145,55.197498,55.9925,103909600
2019/7/9,49.799999,50.377499,49.702499,50.310001,82312000,49.769999,55.342499,2019/7/31,22,11.197%,2019/7/8,50.202499,50.349998,49.602501,50.005001,101354400
2020/8/27,127.142502,127.485001,123.832497,125.010002,155552400,124.1977474,137.979996,2020/9/2,6,11.097%,2020/8/26,126.18,126.9925,125.082497,126.522499,163022400
2019/3/28,47.237499,47.389999,46.8825,47.18,83121600,46.9332499,52.119999,2019/4/24,27,11.051%,2019/3/27,47.1875,47.439999,46.637501,47.1175,119393600
2020/6/10,86.974998,88.692497,86.522499,88.209999,166651600,86.7394988,96.317497,2020/7/9,29,11.042%,2020/6/9,83.035004,86.402496,83.002502,85.997498,147712400
2019/3/14,45.974998,46.025002,45.639999,45.932499,94318000,45.6784993,50.712502,2019/4/9,26,11.021%,2019/3/13,45.5625,45.825001,45.23,45.427502,124130000
2019/3/25,47.877499,47.994999,46.650002,47.185001,175381200,46.7845017,51.9375,2019/4/23,29,11.014%,2019/3/22,48.834999,49.422501,47.695,47.762501,169630800
2019/10/23,60.525002,60.810001,60.305,60.794998,75828800,60.3555001,67,2019/11/19,27,11.009%,2019/10/22,60.290001,60.549999,59.904999,59.990002,82293600
2019/8/5,49.497501,49.662498,48.145,48.334999,209572000,48.2967498,53.610001,2019/8/22,17,11.001%,2019/8/2,51.3825,51.607498,50.407501,51.005001,163448400
2019/8/27,51.965,52.137501,50.8825,51.040001,103493200,51.0080001,56.605,2019/9/12,16,10.973%,2019/8/26,51.465,51.797501,51.264999,51.622501,104174400
2019/8/13,50.255001,53.035,50.119999,52.2425,188874000,50.4114991,55.927502,2019/9/11,29,10.942%,2019/8/12,49.904999,50.512501,49.787498,50.119999,89927600
2020/9/28,115.010002,115.32,112.779999,114.959999,137672400,113.0339991,125.389999,2020/10/13,15,10.931%,2020/9/25,108.43,112.440002,107.669998,112.279999,149981400
2019/10/30,61.189999,61.325001,60.302502,60.814999,124522000,60.4047519,67,2019/11/19,20,10.918%,2019/10/29,62.2425,62.4375,60.642502,60.822498,142839600
2019/8/16,51.07,51.790001,50.959999,51.625,110481600,51.0429992,56.605,2019/9/12,27,10.897%,2019/8/15,50.865002,51.285,49.9175,50.435001,108909600
2020/8/24,128.697495,128.785004,123.9375,125.857498,345937600,124.4222504,137.979996,2020/9/2,9,10.897%,2020/8/21,119.262497,124.8675,119.25,124.370003,338054800
2020/6/30,90.019997,91.495003,90,91.199997,140223200,90.1495003,99.955002,2020/7/13,13,10.877%,2020/6/29,88.3125,90.542503,87.82,90.445,130646000
2020/1/2,74.059998,75.150002,73.797501,75.087502,135480400,73.9327511,81.962502,2020/1/29,27,10.861%,2019/12/31,72.482498,73.419998,72.379997,73.412498,100805600
2019/2/15,42.8125,42.924999,42.4375,42.605,98507200,42.4862499,47.0975,2019/3/18,31,10.854%,2019/2/14,42.427502,42.814999,42.345001,42.700001,87342800
2019/5/20,45.880001,46.087502,45.07,45.772499,154449200,45.1717502,50.072498,2019/6/18,29,10.849%,2019/5/17,46.732498,47.724998,46.689999,47.25,131516400
2020/2/27,70.275002,71.5,68.239998,68.379997,320605600,68.5659982,76,2020/3/3,5,10.842%,2020/2/26,71.6325,74.470001,71.625,73.162498,198054800
2020/11/19,117.589996,119.059998,116.809998,118.639999,74113000,117.034998,129.580002,2020/12/17,28,10.719%,2020/11/18,118.610001,119.82,118,118.029999,76322100
2019/10/24,61.127499,61.200001,60.452499,60.895,69275200,60.5272492,67,2019/11/19,26,10.694%,2019/10/23,60.525002,60.810001,60.305,60.794998,75828800
2019/11/27,66.394997,66.995003,66.327499,66.959999,65235600,66.3942494,73.4925,2019/12/27,30,10.691%,2019/11/26,66.735001,66.790001,65.625,66.072502,105207600
2019/2/20,42.797501,43.330002,42.747501,43.0075,104457600,42.8057511,47.372501,2019/3/20,28,10.669%,2019/2/19,42.427502,42.860001,42.372501,42.732498,75891200
2020/9/14,114.720001,115.93,112.800003,115.360001,140150100,113.1130027,125.18,2020/10/12,28,10.668%,2020/9/11,114.57,115.230003,110,112,180860300
2019/9/23,54.737499,54.959999,54.412498,54.68,76662000,54.4672481,60.247501,2019/10/21,28,10.612%,2019/9/20,55.345001,55.639999,54.3675,54.432499,221652400
2020/8/28,126.012497,126.442497,124.577499,124.807503,187630000,124.7639988,137.979996,2020/9/2,5,10.593%,2020/8/27,127.142502,127.485001,123.832497,125.010002,155552400
2020/5/5,73.764999,75.25,73.614998,74.389999,147751200,73.7784982,81.550003,2020/6/3,29,10.534%,2020/5/4,72.292503,73.422501,71.580002,73.290001,133568000
2019/3/29,47.4575,47.52,47.134998,47.487499,94256000,47.1734982,52.119999,2019/4/24,26,10.486%,2019/3/28,47.237499,47.389999,46.8825,47.18,83121600
2019/4/1,47.91,47.919998,47.095001,47.810001,111448000,47.1775007,52.119999,2019/4/24,23,10.476%,2019/3/29,47.4575,47.52,47.134998,47.487499,94256000
2019/2/14,42.427502,42.814999,42.345001,42.700001,87342800,42.3920008,46.8325,2019/3/15,29,10.475%,2019/2/13,42.8475,43.119999,42.48,42.544998,89960800
2019/11/29,66.650002,67,66.474998,66.8125,46617600,66.5274982,73.4925,2019/12/27,28,10.469%,2019/11/27,66.394997,66.995003,66.327499,66.959999,65235600
2020/1/3,74.287498,75.144997,74.125,74.357498,146322800,74.2269997,81.962502,2020/1/29,26,10.421%,2020/1/2,74.059998,75.150002,73.797501,75.087502,135480400
2020/11/20,118.639999,118.769997,117.290001,117.339996,73604300,117.4380006,129.580002,2020/12/17,27,10.339%,2020/11/19,117.589996,119.059998,116.809998,118.639999,74113000
2019/8/7,48.852501,49.889999,48.455002,49.759998,133457600,48.5985017,53.610001,2019/8/22,15,10.312%,2019/8/6,49.077499,49.517502,48.509998,49.25,143299200
2019/8/26,51.465,51.797501,51.264999,51.622501,104174400,51.3182492,56.605,2019/9/12,17,10.302%,2019/8/23,52.357498,53.012501,50.25,50.66,187272000
2019/8/6,49.077499,49.517502,48.509998,49.25,143299200,48.6107484,53.610001,2019/8/22,16,10.284%,2019/8/5,49.497501,49.662498,48.145,48.334999,209572000
2020/9/4,120.07,123.699997,110.889999,120.959999,332607200,112.1709988,123.699997,2020/9/4,0,10.278%,2020/9/3,126.910004,128.839996,120.5,120.879997,257599600
2019/11/26,66.735001,66.790001,65.625,66.072502,105207600,65.7415001,72.495003,2019/12/26,30,10.273%,2019/11/25,65.677498,66.610001,65.629997,66.592499,84020400
2020/9/29,114.550003,115.309998,113.57,114.089996,99382200,113.7439998,125.389999,2020/10/13,14,10.239%,2020/9/28,115.010002,115.32,112.779999,114.959999,137672400
2019/3/15,46.212502,46.8325,45.935001,46.529999,156171600,46.0247509,50.712502,2019/4/9,25,10.185%,2019/3/14,45.974998,46.025002,45.639999,45.932499,94318000
2019/10/25,60.790001,61.682499,60.720001,61.645,73477200,60.8162508,67,2019/11/19,25,10.168%,2019/10/24,61.127499,61.200001,60.452499,60.895,69275200
2019/10/29,62.2425,62.4375,60.642502,60.822498,142839600,60.8220018,67,2019/11/19,21,10.158%,2019/10/28,61.855,62.3125,61.68,62.262501,96572800
2020/8/26,126.18,126.9925,125.082497,126.522499,163022400,125.2734973,137.979996,2020/9/2,7,10.143%,2020/8/25,124.697502,125.18,123.052498,124.824997,211495600
2020/10/5,113.910004,116.650002,113.550003,116.5,106243800,113.8600029,125.389999,2020/10/13,8,10.126%,2020/10/2,112.889999,115.370003,112.220001,113.019997,144712000
2020/1/7,74.959999,75.224998,74.370003,74.597504,108872000,74.4555025,81.962502,2020/1/29,22,10.083%,2020/1/6,73.447502,74.989998,73.1875,74.949997,118387200
2020/1/8,74.290001,76.110001,74.290001,75.797501,132079200,74.472001,81.962502,2020/1/29,21,10.058%,2020/1/7,74.959999,75.224998,74.370003,74.597504,108872000
2020/6/23,91,93.095001,90.567497,91.6325,212155600,90.8202474,99.955002,2020/7/13,20,10.058%,2020/6/22,87.834999,89.864998,87.787498,89.717499,135445200
2019/6/7,46.627499,47.98,46.442501,47.537498,122737600,46.5962509,51.27,2019/7/5,28,10.030%,2019/6/6,45.77,46.3675,45.537498,46.305,90105200
2020/11/10,115.550003,117.589996,114.129997,115.970001,138023400,114.4759969,125.949997,2020/12/9,29,10.023%,2020/11/9,120.5,121.989998,116.050003,116.32,154515300
2020/9/30,113.790001,117.260002,113.620003,115.809998,142675200,113.9840029,125.389999,2020/10/13,13,10.007%,2020/9/29,114.550003,115.309998,113.57,114.089996,99382200
2019/9/4,52.0975,52.369999,51.830002,52.297501,76752400,51.8840017,57.055,2019/10/1,27,9.966%,2019/9/3,51.607498,51.744999,51.055,51.424999,80092000
2020/9/15,118.330002,118.830002,113.610001,115.540001,184642000,114.1320011,125.389999,2020/10/13,28,9.864%,2020/9/14,114.720001,115.93,112.800003,115.360001,140150100
2020/11/4,114.139999,115.589996,112.349998,114.949997,138235500,112.6739978,123.779999,2020/12/3,29,9.857%,2020/11/3,109.660004,111.489998,108.730003,110.440002,107624400
2019/7/2,50.352501,50.782501,50.34,50.682499,67740800,50.3842501,55.342499,2019/7/31,29,9.841%,2019/7/1,50.7925,51.122501,50.162498,50.387501,109012000
2019/4/5,49.112499,49.275002,48.982498,49.25,74106400,49.0117484,53.827499,2019/5/1,26,9.826%,2019/4/4,48.697498,49.092499,48.285,48.922501,76457200
2019/3/20,46.557499,47.372501,46.182499,47.040001,124140800,46.3014992,50.845001,2019/4/17,28,9.813%,2019/3/19,47.087502,47.247501,46.48,46.6325,126585600
2020/12/18,128.960007,129.100006,126.120003,126.660004,192541500,126.4180033,138.789993,2020/12/29,11,9.787%,2020/12/17,128.899994,129.580002,128.039993,128.699997,94359800
2020/7/1,91.279999,91.839996,90.977501,91.027496,110737200,91.0637505,99.955002,2020/7/13,12,9.764%,2020/6/30,90.019997,91.495003,90,91.199997,140223200
2020/5/7,75.805,76.292503,75.4925,75.934998,115215200,75.5725003,82.9375,2020/6/5,29,9.746%,2020/5/6,75.114998,75.809998,74.717499,75.157501,142333600
2020/10/7,114.620003,115.550003,114.129997,115.080002,96849000,114.2719976,125.389999,2020/10/13,6,9.729%,2020/10/6,115.699997,116.120003,112.25,113.160004,161498200
2019/7/10,50.462502,50.932499,50.389999,50.807499,71588400,50.444249,55.342499,2019/7/31,21,9.710%,2019/7/9,49.799999,50.377499,49.702499,50.310001,82312000
2019/5/22,46.165001,46.427502,45.637501,45.695,118994400,45.7165011,50.1525,2019/6/20,29,9.703%,2019/5/21,46.305,47,46.174999,46.650002,113459200
2020/11/18,118.610001,119.82,118,118.029999,76322100,118.182,129.580002,2020/12/17,29,9.644%,2020/11/17,119.550003,120.669998,118.959999,119.389999,74271000
2019/7/11,50.827499,51.0975,50.427502,50.4375,80767200,50.4945018,55.342499,2019/7/31,20,9.601%,2019/7/10,50.462502,50.932499,50.389999,50.807499,71588400
2019/4/12,49.799999,50.035,49.052502,49.717499,111042800,49.1507518,53.827499,2019/5/1,19,9.515%,2019/4/11,50.212502,50.25,49.610001,49.737499,83603200
2020/12/16,127.410004,128.369995,126.559998,127.809998,98208600,126.7409977,138.789993,2020/12/29,13,9.507%,2020/12/15,124.339996,127.900002,124.129997,127.879997,157572300
2020/3/13,66.222504,69.980003,63.237499,69.4925,370732000,63.9117494,69.980003,2020/3/13,0,9.495%,2020/3/12,63.985001,67.5,62,62.057499,418474000
2019/4/8,49.105,50.057499,49.084999,50.025002,103526800,49.182249,53.827499,2019/5/1,23,9.445%,2019/4/5,49.112499,49.275002,48.982498,49.25,74106400
2019/8/29,52.125,52.330002,51.665001,52.252499,83962000,51.7315011,56.605,2019/9/12,14,9.421%,2019/8/28,51.025002,51.43,50.830002,51.3825,63755200
2020/5/8,76.410004,77.587502,76.072502,77.532501,134048000,76.224002,83.400002,2020/6/8,31,9.414%,2020/5/7,75.805,76.292503,75.4925,75.934998,115215200
2019/7/12,50.612499,51,50.549999,50.825001,70380800,50.5949991,55.342499,2019/7/31,19,9.383%,2019/7/11,50.827499,51.0975,50.427502,50.4375,80767200
2020/10/28,115.050003,115.43,111.099998,111.199997,143937800,111.5329982,121.989998,2020/11/9,12,9.376%,2020/10/27,115.489998,117.279999,114.540001,116.599998,92276800
2019/1/30,40.8125,41.537498,40.057499,41.3125,244439200,40.2054989,43.967499,2019/2/25,26,9.357%,2019/1/29,39.0625,39.532501,38.5275,38.669998,166348800
2019/9/16,54.432499,55.032501,54.389999,54.974998,84632400,54.4542492,59.532501,2019/10/14,28,9.326%,2019/9/13,55,55.197498,54.255001,54.6875,159053200
2019/9/13,55,55.197498,54.255001,54.6875,159053200,54.3492507,59.41,2019/10/11,28,9.312%,2019/9/12,56.200001,56.605,55.715,55.772499,128906800
2020/10/8,116.25,116.400002,114.589996,114.970001,83477200,114.7709966,125.389999,2020/10/13,5,9.252%,2020/10/7,114.620003,115.550003,114.129997,115.080002,96849000
2019/1/2,38.7225,39.712502,38.557499,39.48,148158800,38.6729993,42.25,2019/1/31,29,9.249%,,,,,,
2019/9/20,55.345001,55.639999,54.3675,54.432499,221652400,54.4947499,59.532501,2019/10/14,24,9.244%,2019/9/19,55.502499,55.939999,55.092499,55.240002,88242400
2019/7/19,51.447498,51.625,50.59,50.647499,83717200,50.6935,55.342499,2019/7/31,12,9.171%,2019/7/18,51,51.470001,50.924999,51.415001,74162400
2019/7/3,50.82,51.110001,50.672501,51.102501,45448000,50.716251,55.342499,2019/7/31,28,9.122%,2019/7/2,50.352501,50.782501,50.34,50.682499,67740800
2019/8/30,52.540001,52.612499,51.799999,52.185001,84573600,51.881249,56.605,2019/9/12,13,9.105%,2019/8/29,52.125,52.330002,51.665001,52.252499,83962000
2020/8/31,127.580002,131,126,129.039993,225702700,126.5,137.979996,2020/9/2,2,9.075%,2020/8/28,126.012497,126.442497,124.577499,124.807503,187630000
2019/3/18,46.450001,47.0975,46.447498,47.005001,104879200,46.5124982,50.712502,2019/4/9,22,9.030%,2019/3/15,46.212502,46.8325,45.935001,46.529999,156171600
2019/7/5,50.837502,51.27,50.724998,51.057499,69062000,50.7794982,55.342499,2019/7/31,26,8.986%,2019/7/3,50.82,51.110001,50.672501,51.102501,45448000
2020/5/6,75.114998,75.809998,74.717499,75.157501,142333600,74.8267489,81.550003,2020/6/3,28,8.985%,2020/5/5,73.764999,75.25,73.614998,74.389999,147751200
2019/3/19,47.087502,47.247501,46.48,46.6325,126585600,46.5567501,50.712502,2019/4/9,21,8.926%,2019/3/18,46.450001,47.0975,46.447498,47.005001,104879200
2020/10/9,115.279999,117,114.919998,116.970001,100506900,115.1279982,125.389999,2020/10/13,4,8.914%,2020/10/8,116.25,116.400002,114.589996,114.970001,83477200
2019/11/22,65.647499,65.794998,65.209999,65.445,65325200,65.2684989,71.0625,2019/12/23,31,8.877%,2019/11/21,65.922501,66.002502,65.294998,65.502502,121395200
2019/7/17,51.012501,51.272499,50.817501,50.837502,56430000,50.8630008,55.342499,2019/7/31,14,8.807%,2019/7/16,51.147499,51.5275,50.875,51.125,67467200
2019/8/12,49.904999,50.512501,49.787498,50.119999,89927600,49.8599983,54.195,2019/9/10,29,8.694%,2019/8/9,50.325001,50.689999,49.822498,50.247501,98478800
2019/9/9,53.709999,54.110001,52.767502,53.5425,109237600,52.9017519,57.482498,2019/10/7,28,8.659%,2019/9/6,53.512501,53.605,53.127499,53.314999,77449200
2019/7/16,51.147499,51.5275,50.875,51.125,67467200,50.94025,55.342499,2019/7/31,15,8.642%,2019/7/15,51.022499,51.467499,51,51.302502,67789600
2019/4/15,49.645,49.962502,49.502499,49.807499,70146400,49.5484993,53.827499,2019/5/1,16,8.636%,2019/4/12,49.799999,50.035,49.052502,49.717499,111042800
2019/9/17,54.990002,55.205002,54.779999,55.174999,73274800,54.8224993,59.532501,2019/10/14,27,8.591%,2019/9/16,54.432499,55.032501,54.389999,54.974998,84632400
2019/7/18,51,51.470001,50.924999,51.415001,74162400,50.9794992,55.342499,2019/7/31,13,8.558%,2019/7/17,51.012501,51.272499,50.817501,50.837502,56430000
2020/3/2,70.57,75.360001,69.43,74.702499,341397200,70.0230001,76,2020/3/3,1,8.536%,2020/2/28,64.315002,69.602501,64.092499,68.339996,426884800
2019/7/22,50.912498,51.807499,50.9025,51.805,89111600,50.9929999,55.342499,2019/7/31,9,8.530%,2019/7/19,51.447498,51.625,50.59,50.647499,83717200
2019/10/28,61.855,62.3125,61.68,62.262501,96572800,61.74325,67,2019/11/19,22,8.514%,2019/10/25,60.790001,61.682499,60.720001,61.645,73477200
2019/4/10,49.669998,50.185001,49.544998,50.154999,86781200,49.6089983,53.827499,2019/5/1,21,8.503%,2019/4/9,50.080002,50.712502,49.807499,49.875,143072800
2019/8/9,50.325001,50.689999,49.822498,50.247501,98478800,49.9092481,54.110001,2019/9/9,31,8.417%,2019/8/8,50.049999,50.8825,49.8475,50.857498,108038000
2019/7/15,51.022499,51.467499,51,51.302502,67789600,51.0467499,55.342499,2019/7/31,16,8.415%,2019/7/12,50.612499,51,50.549999,50.825001,70380800
2019/4/11,50.212502,50.25,49.610001,49.737499,83603200,49.6740009,53.827499,2019/5/1,20,8.362%,2019/4/10,49.669998,50.185001,49.544998,50.154999,86781200
2019/11/25,65.677498,66.610001,65.629997,66.592499,84020400,65.7279974,71.222504,2019/12/24,29,8.359%,2019/11/22,65.647499,65.794998,65.209999,65.445,65325200
2019/9/18,55.264999,55.712502,54.860001,55.692501,101360000,54.9452511,59.532501,2019/10/14,26,8.349%,2019/9/17,54.990002,55.205002,54.779999,55.174999,73274800
2019/9/10,53.465,54.195,52.927502,54.174999,127111600,53.0542518,57.482498,2019/10/7,27,8.347%,2019/9/9,53.709999,54.110001,52.767502,53.5425,109237600
2020/3/9,65.9375,69.522499,65.75,66.542503,286744800,66.1272499,71.610001,2020/3/10,1,8.291%,2020/3/6,70.5,72.705002,70.307503,72.2575,226176800
2019/4/16,49.865002,50.342499,49.639999,49.8125,102785600,49.710249,53.827499,2019/5/1,15,8.282%,2019/4/15,49.645,49.962502,49.502499,49.807499,70146400
2020/10/29,112.370003,116.93,112.199997,115.32,146129200,112.6729973,121.989998,2020/11/9,11,8.269%,2020/10/28,115.050003,115.43,111.099998,111.199997,143937800
2020/12/17,128.899994,129.580002,128.039993,128.699997,94359800,128.1939939,138.789993,2020/12/29,12,8.266%,2020/12/16,127.410004,128.369995,126.559998,127.809998,98208600
2019/5/21,46.305,47,46.174999,46.650002,113459200,46.2574991,50.072498,2019/6/18,28,8.247%,2019/5/20,45.880001,46.087502,45.07,45.772499,154449200
2019/2/13,42.8475,43.119999,42.48,42.544998,89960800,42.5439999,46.025002,2019/3/14,29,8.182%,2019/2/12,42.525002,42.75,42.424999,42.7225,89134000
2019/4/17,49.884998,50.845001,49.6525,50.782501,115627200,49.7717501,53.827499,2019/5/1,14,8.149%,2019/4/16,49.865002,50.342499,49.639999,49.8125,102785600
2019/11/21,65.922501,66.002502,65.294998,65.502502,121395200,65.3657484,70.662498,2019/12/20,29,8.103%,2019/11/20,66.385002,66.519997,65.099998,65.797501,106234400
2020/10/1,117.639999,117.720001,115.830002,116.790001,116120400,116.0190019,125.389999,2020/10/13,12,8.077%,2020/9/30,113.790001,117.260002,113.620003,115.809998,142675200
2019/11/20,66.385002,66.519997,65.099998,65.797501,106234400,65.2419979,70.474998,2019/12/18,28,8.021%,2019/11/19,66.974998,67,66.347504,66.572502,76167200
2019/6/14,47.887501,48.397499,47.575001,48.185001,75046000,47.6572508,51.467499,2019/7/15,31,7.995%,2019/6/13,48.674999,49.197498,48.400002,48.537498,86698400
2020/11/16,118.919998,120.989998,118.150002,120.300003,91183000,118.4340016,127.900002,2020/12/15,29,7.993%,2020/11/13,119.440002,119.669998,117.870003,119.260002,81581900
2019/2/12,42.525002,42.75,42.424999,42.7225,89134000,42.4574991,45.825001,2019/3/13,29,7.931%,2019/2/11,42.762501,42.802502,42.3125,42.357498,83973600
2019/4/30,50.764999,50.849998,49.7775,50.1675,186139600,49.8847498,53.827499,2019/5/1,1,7.904%,2019/4/29,51.099998,51.4925,50.965,51.1525,88818800
2019/9/19,55.502499,55.939999,55.092499,55.240002,88242400,55.177249,59.532501,2019/10/14,25,7.893%,2019/9/18,55.264999,55.712502,54.860001,55.692501,101360000
2019/4/9,50.080002,50.712502,49.807499,49.875,143072800,49.8979993,53.827499,2019/5/1,22,7.875%,2019/4/8,49.105,50.057499,49.084999,50.025002,103526800
2020/11/11,117.190002,119.629997,116.440002,119.489998,112295000,116.7590015,125.949997,2020/12/9,28,7.872%,2020/11/10,115.550003,117.589996,114.129997,115.970001,138023400
2020/2/3,76.074997,78.372498,75.555,77.165001,173985600,75.8367498,81.805,2020/2/12,9,7.870%,2020/1/31,80.232498,80.669998,77.072502,77.377502,199588400
2019/2/11,42.762501,42.802502,42.3125,42.357498,83973600,42.3615002,45.6675,2019/3/12,29,7.804%,2019/2/8,42.247501,42.665001,42.105,42.602501,95280000
2019/9/5,53,53.4925,52.877499,53.32,95654800,52.9389991,57.055,2019/10/1,26,7.775%,2019/9/4,52.0975,52.369999,51.830002,52.297501,76752400
2020/11/17,119.550003,120.669998,118.959999,119.389999,74271000,119.1309989,128.369995,2020/12/16,29,7.755%,2020/11/16,118.919998,120.989998,118.150002,120.300003,91183000
2020/10/26,114.010002,116.550003,112.879997,115.050003,111850700,113.2469976,121.989998,2020/11/9,14,7.720%,2020/10/23,116.389999,116.550003,114.279999,115.040001,82572600
2020/9/2,137.589996,137.979996,127,131.399994,200119000,128.0979996,137.979996,2020/9/2,0,7.714%,2020/9/1,132.759995,134.800003,130.529999,134.179993,152470100
2019/8/19,52.654999,53.182499,52.5075,52.587502,97654400,52.5749999,56.605,2019/9/12,24,7.665%,2019/8/16,51.07,51.790001,50.959999,51.625,110481600
2020/9/11,114.57,115.230003,110,112,180860300,110.5230003,118.830002,2020/9/15,4,7.516%,2020/9/10,120.360001,120.5,112.5,113.489998,182274400
2019/8/20,52.720001,53.337502,52.580002,52.59,107537200,52.655752,56.605,2019/9/12,23,7.500%,2019/8/19,52.654999,53.182499,52.5075,52.587502,97654400
2019/11/1,62.384998,63.982498,62.290001,63.955002,151125200,62.4592507,67.0625,2019/12/2,31,7.370%,2019/10/31,61.810001,62.2925,59.314999,62.189999,139162000
2019/8/8,50.049999,50.8825,49.8475,50.857498,108038000,49.951,53.610001,2019/8/22,14,7.325%,2019/8/7,48.852501,49.889999,48.455002,49.759998,133457600
2019/9/6,53.512501,53.605,53.127499,53.314999,77449200,53.1752491,57.055,2019/10/1,25,7.296%,2019/9/5,53,53.4925,52.877499,53.32,95654800
2020/1/27,77.514999,77.942497,76.220001,77.237503,161940000,76.3922506,81.962502,2020/1/29,2,7.292%,2020/1/24,80.0625,80.832497,79.379997,79.577499,146537600
2019/8/22,53.297501,53.610001,52.6875,53.115002,89014800,52.7797501,56.605,2019/9/12,21,7.248%,2019/8/21,53.247501,53.412498,52.900002,53.16,86141600
2019/3/21,47.505001,49.0825,47.452499,48.772499,204136800,47.6154991,51.037498,2019/4/18,28,7.187%,2019/3/20,46.557499,47.372501,46.182499,47.040001,124140800
2020/11/9,120.5,121.989998,116.050003,116.32,154515300,116.6440025,124.980003,2020/12/8,29,7.147%,2020/11/6,118.32,119.199997,116.129997,118.690002,114457900
2019/6/17,48.224998,48.740002,48.0425,48.4725,58676400,48.1122502,51.5275,2019/7/16,29,7.099%,2019/6/14,47.887501,48.397499,47.575001,48.185001,75046000
2019/3/22,48.834999,49.422501,47.695,47.762501,169630800,47.8677501,51.235001,2019/4/22,31,7.034%,2019/3/21,47.505001,49.0825,47.452499,48.772499,204136800
2020/11/6,118.32,119.199997,116.129997,118.690002,114457900,116.436997,124.57,2020/12/7,31,6.985%,2020/11/5,117.949997,119.620003,116.870003,119.029999,126387100
2019/7/25,52.2225,52.310001,51.682499,51.755001,55638400,51.7452492,55.342499,2019/7/31,6,6.952%,2019/7/24,51.9175,52.287498,51.7925,52.1675,59966400
2019/2/1,41.740002,42.244999,41.482498,41.630001,130672400,41.5587481,44.4375,2019/3/4,31,6.927%,2019/1/31,41.5275,42.25,41.139999,41.610001,162958400
2020/1/9,76.809998,77.607498,76.550003,77.407501,170108400,76.6557525,81.962502,2020/1/29,20,6.923%,2020/1/8,74.290001,76.110001,74.290001,75.797501,132079200
2019/8/21,53.247501,53.412498,52.900002,53.16,86141600,52.9512516,56.605,2019/9/12,22,6.900%,2019/8/20,52.720001,53.337502,52.580002,52.59,107537200
2019/6/25,49.607498,49.814999,48.822498,48.892502,84281200,48.9217481,52.287498,2019/7/24,29,6.880%,2019/6/24,49.634998,50.040001,49.5425,49.645,72881600
2019/6/10,47.952499,48.842499,47.904999,48.145,104883600,47.998749,51.27,2019/7/5,25,6.815%,2019/6/7,46.627499,47.98,46.442501,47.537498,122737600
2019/5/13,46.927502,47.369999,45.712502,46.43,229722400,45.8782517,49,2019/6/11,29,6.804%,2019/5/10,49.355,49.712502,48.192501,49.294998,164834800
2019/6/28,49.669998,49.875,49.262501,49.48,124442400,49.3237509,52.66,2019/7/29,31,6.764%,2019/6/27,50.072498,50.392502,49.892502,49.935001,83598800
2019/7/24,51.9175,52.287498,51.7925,52.1675,59966400,51.8419998,55.342499,2019/7/31,7,6.752%,2019/7/23,52.115002,52.227501,51.822498,52.209999,73420800
2019/7/26,51.869999,52.432499,51.785,51.935001,70475600,51.8497499,55.342499,2019/7/31,5,6.736%,2019/7/25,52.2225,52.310001,51.682499,51.755001,55638400
2019/7/23,52.115002,52.227501,51.822498,52.209999,73420800,51.8629983,55.342499,2019/7/31,8,6.709%,2019/7/22,50.912498,51.807499,50.9025,51.805,89111600
2020/11/13,119.440002,119.669998,117.870003,119.260002,81581900,118.0500025,125.949997,2020/12/9,26,6.692%,2020/11/12,119.620003,120.529999,118.57,119.209999,103162300
2020/12/22,131.610001,134.410004,129.649994,131.880005,168904800,130.125995,138.789993,2020/12/29,7,6.658%,2020/12/21,125.019997,128.309998,123.449997,128.229996,121251600
2019/11/15,65.919998,66.445,65.752502,66.440002,100206400,65.8217518,70.197502,2019/12/16,31,6.648%,2019/11/14,65.9375,66.220001,65.525002,65.660004,89182800
2019/7/30,52.189999,52.540001,51.827499,52.195,135742800,51.8987492,55.342499,2019/7/31,1,6.636%,2019/7/29,52.115002,52.66,52.110001,52.419998,86693600
2019/1/31,41.5275,42.25,41.139999,41.610001,162958400,41.2509991,43.967499,2019/2/25,25,6.585%,2019/1/30,40.8125,41.537498,40.057499,41.3125,244439200
2020/10/23,116.389999,116.550003,114.279999,115.040001,82572600,114.5069994,121.989998,2020/11/9,17,6.535%,2020/10/22,117.449997,118.040001,114.589996,115.75,101988000
2019/11/18,66.449997,66.857498,66.057503,66.775002,86703200,66.1375025,70.442497,2019/12/17,29,6.509%,2019/11/15,65.919998,66.445,65.752502,66.440002,100206400
2019/4/26,51.224998,51.25,50.529999,51.075001,74596400,50.6019991,53.827499,2019/5/1,5,6.374%,2019/4/25,51.7075,51.939999,51.279999,51.32,74172800
2020/9/10,120.360001,120.5,112.5,113.489998,182274400,113.3,120.5,2020/9/10,0,6.355%,2020/9/9,117.260002,119.139999,115.260002,117.32,176940500
2020/9/8,113.949997,118.989998,112.68,112.82,231366600,113.3109998,120.5,2020/9/10,2,6.344%,2020/9/4,120.07,123.699997,110.889999,120.959999,332607200
2019/4/22,50.7075,51.235001,50.584999,51.1325,77758000,50.6499992,53.827499,2019/5/1,9,6.273%,2019/4/18,50.779999,51.037498,50.630001,50.965,96783200
2020/10/27,115.489998,117.279999,114.540001,116.599998,92276800,114.8140008,121.989998,2020/11/9,13,6.250%,2020/10/26,114.010002,116.550003,112.879997,115.050003,111850700
2019/4/18,50.779999,51.037498,50.630001,50.965,96783200,50.6707507,53.827499,2019/5/1,13,6.230%,2019/4/17,49.884998,50.845001,49.6525,50.782501,115627200
2019/2/8,42.247501,42.665001,42.105,42.602501,95280000,42.1610001,44.779999,2019/3/11,31,6.212%,2019/2/7,43.099998,43.485001,42.584999,42.735001,126966800
2020/1/10,77.650002,78.167503,77.0625,77.582497,140644800,77.1730003,81.962502,2020/1/29,19,6.206%,2020/1/9,76.809998,77.607498,76.550003,77.407501,170108400
2020/9/3,126.910004,128.839996,120.5,120.879997,257599600,121.3339996,128.839996,2020/9/3,0,6.186%,2020/9/2,137.589996,137.979996,127,131.399994,200119000
2020/10/22,117.449997,118.040001,114.589996,115.75,101988000,114.9349965,121.989998,2020/11/9,18,6.138%,2020/10/21,116.669998,118.709999,116.449997,116.870003,89946000
2019/11/19,66.974998,67,66.347504,66.572502,76167200,66.4127536,70.474998,2019/12/18,29,6.117%,2019/11/18,66.449997,66.857498,66.057503,66.775002,86703200
2019/8/2,51.3825,51.607498,50.407501,51.005001,163448400,50.5275007,53.610001,2019/8/22,20,6.101%,2019/8/1,53.474998,54.5075,51.685001,52.107498,216071600
2019/7/29,52.115002,52.66,52.110001,52.419998,86693600,52.1650009,55.342499,2019/7/31,2,6.091%,2019/7/26,51.869999,52.432499,51.785,51.935001,70475600
2020/11/12,119.620003,120.529999,118.57,119.209999,103162300,118.7659999,125.949997,2020/12/9,27,6.049%,2020/11/11,117.190002,119.629997,116.440002,119.489998,112295000
2020/12/23,132.160004,132.429993,130.779999,130.960007,88223700,130.9449984,138.789993,2020/12/29,6,5.991%,2020/12/22,131.610001,134.410004,129.649994,131.880005,168904800
2019/2/4,41.852501,42.915001,41.82,42.8125,125982000,41.9295001,44.4375,2019/3/4,28,5.981%,2019/2/1,41.740002,42.244999,41.482498,41.630001,130672400
2019/6/12,48.487499,48.9925,48.3475,48.547501,73012800,48.412,51.27,2019/7/5,23,5.903%,2019/6/11,48.715,49,48.400002,48.702499,107731600
2019/6/26,49.442501,50.247501,49.337502,49.950001,104270000,49.4285019,52.310001,2019/7/25,29,5.830%,2019/6/25,49.607498,49.814999,48.822498,48.892502,84281200
2019/6/11,48.715,49,48.400002,48.702499,107731600,48.4600018,51.27,2019/7/5,24,5.799%,2019/6/10,47.952499,48.842499,47.904999,48.145,104883600
2019/6/13,48.674999,49.197498,48.400002,48.537498,86698400,48.4797516,51.27,2019/7/5,22,5.755%,2019/6/12,48.487499,48.9925,48.3475,48.547501,73012800
2020/1/15,77.962502,78.875,77.387497,77.834999,121923600,77.5362473,81.962502,2020/1/29,14,5.709%,2020/1/14,79.175003,79.392502,78.042503,78.169998,161954400
2020/3/3,75.917503,76,71.449997,72.330002,319475600,71.9049973,76,2020/3/3,0,5.695%,2020/3/2,70.57,75.360001,69.43,74.702499,341397200
2020/2/26,71.6325,74.470001,71.625,73.162498,198054800,71.9095001,76,2020/3/3,6,5.688%,2020/2/25,75.237503,75.6325,71.532501,72.019997,230673600
2020/12/24,131.320007,133.460007,131.100006,131.970001,54930100,131.3360061,138.789993,2020/12/29,5,5.676%,2020/12/23,132.160004,132.429993,130.779999,130.960007,88223700
2020/3/10,69.285004,71.610001,67.342499,71.334999,285290000,67.7692492,71.610001,2020/3/10,0,5.667%,2020/3/9,65.9375,69.522499,65.75,66.542503,286744800
2020/11/5,117.949997,119.620003,116.870003,119.029999,126387100,117.145003,123.779999,2020/12/3,28,5.664%,2020/11/4,114.139999,115.589996,112.349998,114.949997,138235500
2020/1/31,80.232498,80.669998,77.072502,77.377502,199588400,77.4322516,81.805,2020/2/12,12,5.647%,2020/1/30,80.135002,81.022499,79.6875,80.967499,126743200
2020/2/25,75.237503,75.6325,71.532501,72.019997,230673600,71.9425009,76,2020/3/3,7,5.640%,2020/2/24,74.315002,76.044998,72.307503,74.544998,222195200
2019/4/29,51.099998,51.4925,50.965,51.1525,88818800,51.01775,53.827499,2019/5/1,2,5.507%,2019/4/26,51.224998,51.25,50.529999,51.075001,74596400
2019/5/14,46.602501,47.424999,46.352501,47.165001,146118800,46.4597508,49,2019/6/11,28,5.468%,2019/5/13,46.927502,47.369999,45.712502,46.43,229722400
2019/5/15,46.567501,47.9375,46.505001,47.73,106178800,46.6482509,49.197498,2019/6/13,29,5.465%,2019/5/14,46.602501,47.424999,46.352501,47.165001,146118800
2019/4/23,51.107498,51.9375,50.974998,51.869999,93292000,51.0712482,53.827499,2019/5/1,8,5.397%,2019/4/22,50.7075,51.235001,50.584999,51.1325,77758000
2020/9/1,132.759995,134.800003,130.529999,134.179993,152470100,130.9569994,137.979996,2020/9/2,1,5.363%,2020/8/31,127.580002,131,126,129.039993,225702700
2019/11/8,64.672501,65.110001,64.212502,65.035004,69986400,64.3022519,67.75,2019/12/6,28,5.362%,2019/11/7,64.684998,65.087502,64.527496,64.857498,94940400
2019/9/11,54.517502,55.927502,54.432499,55.897499,177158400,54.5819993,57.482498,2019/10/7,26,5.314%,2019/9/10,53.465,54.195,52.927502,54.174999,127111600
2019/6/24,49.634998,50.040001,49.5425,49.645,72881600,49.5922501,52.227501,2019/7/23,29,5.314%,2019/6/21,49.700001,50.212502,49.537498,49.695,191202400
2019/6/18,49.012501,50.072498,48.802502,49.612499,106204000,48.9295016,51.5275,2019/7/16,28,5.310%,2019/6/17,48.224998,48.740002,48.0425,48.4725,58676400
2020/10/20,116.199997,118.980003,115.629997,117.510002,124423700,115.9649976,121.989998,2020/11/9,20,5.196%,2020/10/19,119.959999,120.419998,115.660004,115.980003,120639300
2020/1/13,77.910004,79.267502,77.787498,79.239998,121532000,77.9354984,81.962502,2020/1/29,16,5.167%,2020/1/10,77.650002,78.167503,77.0625,77.582497,140644800
2019/5/17,46.732498,47.724998,46.689999,47.25,131516400,46.7934989,49.197498,2019/6/13,27,5.137%,2019/5/16,47.477501,48.1175,47.209999,47.52,132125600
2020/10/19,119.959999,120.419998,115.660004,115.980003,120639300,116.1360034,121.989998,2020/11/9,21,5.041%,2020/10/16,121.279999,121.550003,118.809998,119.019997,115393800
2019/6/27,50.072498,50.392502,49.892502,49.935001,83598800,49.942502,52.432499,2019/7/26,29,4.986%,2019/6/26,49.442501,50.247501,49.337502,49.950001,104270000
2019/11/6,64.192497,64.372498,63.842499,64.309998,75864400,63.8954989,67.0625,2019/12/2,26,4.957%,2019/11/5,64.262497,64.547501,64.080002,64.282501,79897600
2019/11/4,64.332497,64.462502,63.845001,64.375,103272000,63.9067511,67.0625,2019/12/2,28,4.938%,2019/11/1,62.384998,63.982498,62.290001,63.955002,151125200
2020/1/16,78.397499,78.925003,78.022499,78.809998,108829200,78.1127494,81.962502,2020/1/29,13,4.928%,2020/1/15,77.962502,78.875,77.387497,77.834999,121923600
2019/11/14,65.9375,66.220001,65.525002,65.660004,89182800,65.5945019,68.824997,2019/12/13,29,4.925%,2019/11/13,65.282501,66.195,65.267502,66.1175,102734400
2019/11/7,64.684998,65.087502,64.527496,64.857498,94940400,64.5834966,67.75,2019/12/6,29,4.903%,2019/11/6,64.192497,64.372498,63.842499,64.309998,75864400
2019/8/1,53.474998,54.5075,51.685001,52.107498,216071600,51.9672509,54.5075,2019/8/1,0,4.888%,2019/7/31,54.105,55.342499,52.825001,53.259998,277125600
2020/1/14,79.175003,79.392502,78.042503,78.169998,161954400,78.1775029,81.962502,2020/1/29,15,4.842%,2020/1/13,77.910004,79.267502,77.787498,79.239998,121532000
2019/4/25,51.7075,51.939999,51.279999,51.32,74172800,51.345999,53.827499,2019/5/1,6,4.833%,2019/4/24,51.84,52.119999,51.762501,51.790001,70162400
2020/1/28,78.150002,79.599998,78.047501,79.422501,162234000,78.2027507,81.962502,2020/1/29,1,4.808%,2020/1/27,77.514999,77.942497,76.220001,77.237503,161940000
2019/7/1,50.7925,51.122501,50.162498,50.387501,109012000,50.2584983,52.66,2019/7/29,28,4.778%,2019/6/28,49.669998,49.875,49.262501,49.48,124442400
2019/11/11,64.574997,65.6175,64.57,65.550003,81821200,64.67475,67.75,2019/12/6,25,4.755%,2019/11/8,64.672501,65.110001,64.212502,65.035004,69986400
2020/2/24,74.315002,76.044998,72.307503,74.544998,222195200,72.6812525,76.044998,2020/2/24,0,4.628%,2020/2/21,79.654999,80.112503,77.625,78.262497,129554000
2020/10/12,120.059998,125.18,119.279999,124.400002,240226800,119.8699991,125.389999,2020/10/13,1,4.605%,2020/10/9,115.279999,117,114.919998,116.970001,100506900
2019/11/5,64.262497,64.547501,64.080002,64.282501,79897600,64.1267519,67.0625,2019/12/2,27,4.578%,2019/11/4,64.332497,64.462502,63.845001,64.375,103272000
2020/10/21,116.669998,118.709999,116.449997,116.870003,89946000,116.6759972,121.989998,2020/11/9,19,4.554%,2020/10/20,116.199997,118.980003,115.629997,117.510002,124423700
2019/6/21,49.700001,50.212502,49.537498,49.695,191202400,49.6049984,51.807499,2019/7/22,31,4.440%,2019/6/20,50.092499,50.1525,49.5075,49.865002,86056000
2019/6/19,49.919998,49.970001,49.327499,49.467499,84496800,49.3917492,51.5275,2019/7/16,27,4.324%,2019/6/18,49.012501,50.072498,48.802502,49.612499,106204000
2020/10/13,125.269997,125.389999,119.650002,121.099998,262330500,120.2240017,125.389999,2020/10/13,0,4.297%,2020/10/12,120.059998,125.18,119.279999,124.400002,240226800
2019/7/31,54.105,55.342499,52.825001,53.259998,277125600,53.0767508,55.342499,2019/7/31,0,4.269%,2019/7/30,52.189999,52.540001,51.827499,52.195,135742800
2019/11/13,65.282501,66.195,65.267502,66.1175,102734400,65.3602518,68.139999,2019/12/12,29,4.253%,2019/11/12,65.387497,65.697502,65.230003,65.489998,87388800
2020/9/9,117.260002,119.139999,115.260002,117.32,176940500,115.6480017,120.5,2020/9/10,1,4.195%,2020/9/8,113.949997,118.989998,112.68,112.82,231366600
2019/6/20,50.092499,50.1525,49.5075,49.865002,86056000,49.572,51.625,2019/7/19,29,4.141%,2019/6/19,49.919998,49.970001,49.327499,49.467499,84496800
2020/2/4,78.827499,79.910004,78.407501,79.712502,136616400,78.5577513,81.805,2020/2/12,8,4.134%,2020/2/3,76.074997,78.372498,75.555,77.165001,173985600
2019/2/7,43.099998,43.485001,42.584999,42.735001,126966800,42.6749992,44.4375,2019/3/4,25,4.130%,2019/2/6,43.662498,43.892502,43.212502,43.560001,112958400
2019/5/16,47.477501,48.1175,47.209999,47.52,132125600,47.3007491,49.197498,2019/6/13,28,4.010%,2019/5/15,46.567501,47.9375,46.505001,47.73,106178800
2020/2/10,78.544998,80.387497,78.462502,80.387497,109348800,78.6550015,81.805,2020/2/12,2,4.005%,2020/2/7,80.592499,80.849998,79.5,80.0075,117684000
2020/1/17,79.067497,79.684998,78.75,79.682503,137816400,78.8434998,81.962502,2020/1/29,12,3.956%,2020/1/16,78.397499,78.925003,78.022499,78.809998,108829200
2019/4/24,51.84,52.119999,51.762501,51.790001,70162400,51.7982508,53.827499,2019/5/1,7,3.918%,2019/4/23,51.107498,51.9375,50.974998,51.869999,93292000
2019/11/12,65.387497,65.697502,65.230003,65.489998,87388800,65.2767529,67.775002,2019/12/11,29,3.827%,2019/11/11,64.574997,65.6175,64.57,65.550003,81821200
2020/1/23,79.480003,79.889999,78.912498,79.807503,104472000,79.0102481,81.962502,2020/1/29,6,3.737%,2020/1/22,79.644997,79.997498,79.327499,79.425003,101832400
2020/12/28,133.990005,137.339996,133.509995,136.690002,124486200,133.8929951,138.789993,2020/12/29,1,3.657%,2020/12/24,131.320007,133.460007,131.100006,131.970001,54930100
2020/1/21,79.297501,79.754997,79,79.142502,110843200,79.0754997,81.962502,2020/1/29,8,3.651%,2020/1/17,79.067497,79.684998,78.75,79.682503,137816400
2019/9/12,56.200001,56.605,55.715,55.772499,128906800,55.804,57.610001,2019/10/10,28,3.236%,2019/9/11,54.517502,55.927502,54.432499,55.897499,177158400
2020/1/22,79.644997,79.997498,79.327499,79.425003,101832400,79.3944989,81.962502,2020/1/29,7,3.234%,2020/1/21,79.297501,79.754997,79,79.142502,110843200
2020/3/4,74.110001,75.849998,73.282501,75.684998,219178400,73.5392507,75.849998,2020/3/4,0,3.142%,2020/3/3,75.917503,76,71.449997,72.330002,319475600
2020/3/11,69.347504,70.305,67.964996,68.857498,255598800,68.1989964,70.305,2020/3/11,0,3.088%,2020/3/10,69.285004,71.610001,67.342499,71.334999,285290000
2020/1/24,80.0625,80.832497,79.379997,79.577499,146537600,79.525247,81.962502,2020/1/29,5,3.065%,2020/1/23,79.480003,79.889999,78.912498,79.807503,104472000
2020/3/6,70.5,72.705002,70.307503,72.2575,226176800,70.5472529,72.705002,2020/3/6,0,3.059%,2020/3/5,73.879997,74.887497,72.852501,73.230003,187572800
2020/2/18,78.839996,79.9375,78.652496,79.75,152531200,78.7809964,81.162498,2020/2/20,2,3.023%,2020/2/14,81.184998,81.495003,80.712502,81.237503,80113600
2020/10/15,118.720001,121.199997,118.150002,120.709999,112559200,118.4550015,121.989998,2020/11/9,25,2.984%,2020/10/14,121,123.029999,119.620003,121.190002,151062300
2020/12/29,138.050003,138.789993,134.339996,134.869995,121047300,134.7849957,138.789993,2020/12/29,0,2.971%,2020/12/28,133.990005,137.339996,133.509995,136.690002,124486200
2019/2/5,43.215,43.77,43.087502,43.544998,144406400,43.1557518,44.4375,2019/3/4,27,2.970%,2019/2/4,41.852501,42.915001,41.82,42.8125,125982000
2019/5/7,51.470001,51.855,50.2075,50.715,155054800,50.37225,51.855,2019/5/7,0,2.944%,2019/5/6,51.072498,52.209999,50.875,52.119999,129772400
2020/2/21,79.654999,80.112503,77.625,78.262497,129554000,77.8737503,80.112503,2020/2/21,0,2.875%,2020/2/20,80.657501,81.162498,79.552498,80.074997,100566000
2019/5/10,49.355,49.712502,48.192501,49.294998,164834800,48.3445011,49.712502,2019/5/10,0,2.830%,2019/5/9,50.099998,50.419998,49.165001,50.18,139634400
2020/2/7,80.592499,80.849998,79.5,80.0075,117684000,79.6349998,81.805,2020/2/12,5,2.725%,2020/2/6,80.642502,81.305,80.065002,81.302498,105425600
2019/2/6,43.662498,43.892502,43.212502,43.560001,112958400,43.280502,44.4375,2019/3/4,26,2.673%,2019/2/5,43.215,43.77,43.087502,43.544998,144406400
2019/5/1,52.470001,53.827499,52.307499,52.630001,259309200,52.459499,53.827499,2019/5/1,0,2.608%,2019/4/30,50.764999,50.849998,49.7775,50.1675,186139600
2020/10/14,121,123.029999,119.620003,121.190002,151062300,119.9610026,123.029999,2020/10/14,0,2.558%,2020/10/13,125.269997,125.389999,119.650002,121.099998,262330500
2020/3/5,73.879997,74.887497,72.852501,73.230003,187572800,73.0560006,74.887497,2020/3/5,0,2.507%,2020/3/4,74.110001,75.849998,73.282501,75.684998,219178400
2020/2/11,80.900002,80.974998,79.677498,79.902496,94323200,79.807248,81.805,2020/2/12,1,2.503%,2020/2/10,78.544998,80.387497,78.462502,80.387497,109348800
2020/1/30,80.135002,81.022499,79.6875,80.967499,126743200,79.8209999,81.805,2020/2/12,13,2.486%,2020/1/29,81.112503,81.962502,80.345001,81.084999,216229200
2020/10/16,121.279999,121.550003,118.809998,119.019997,115393800,119.0839985,121.989998,2020/11/9,24,2.440%,2020/10/15,118.720001,121.199997,118.150002,120.709999,112559200
2020/2/5,80.879997,81.190002,79.737503,80.362503,118826800,79.8827529,81.805,2020/2/12,7,2.406%,2020/2/4,78.827499,79.910004,78.407501,79.712502,136616400
2019/5/6,51.072498,52.209999,50.875,52.119999,129772400,51.0084999,52.209999,2019/5/6,0,2.355%,2019/5/3,52.7225,52.959999,52.557499,52.9375,83569600
2019/5/9,50.099998,50.419998,49.165001,50.18,139634400,49.2905007,50.419998,2019/5/9,0,2.292%,2019/5/8,50.474998,51.334999,50.4375,50.724998,105358000
2020/12/31,134.080002,134.740005,131.720001,132.690002,99116600,132.0220014,134.740005,2020/12/31,0,2.059%,2020/12/30,135.580002,135.990005,133.399994,133.720001,96452100
2020/2/6,80.642502,81.305,80.065002,81.302498,105425600,80.1890018,81.805,2020/2/12,6,2.015%,2020/2/5,80.879997,81.190002,79.737503,80.362503,118826800
2019/5/2,52.459999,53.162498,52.032501,52.287498,127985200,52.1455007,53.162498,2019/5/2,0,1.950%,2019/5/1,52.470001,53.827499,52.307499,52.630001,259309200
2020/2/20,80.657501,81.162498,79.552498,80.074997,100566000,79.713498,81.162498,2020/2/20,0,1.818%,2020/2/19,80,81.142502,80,80.904999,93984000
2020/1/29,81.112503,81.962502,80.345001,81.084999,216229200,80.5067511,81.962502,2020/1/29,0,1.808%,2020/1/28,78.150002,79.599998,78.047501,79.422501,162234000
2020/12/30,135.580002,135.990005,133.399994,133.720001,96452100,133.6589951,135.990005,2020/12/30,0,1.744%,2020/12/29,138.050003,138.789993,134.339996,134.869995,121047300
2020/2/12,80.3675,81.805,80.3675,81.800003,113730400,80.51125,81.805,2020/2/12,0,1.607%,2020/2/11,80.900002,80.974998,79.677498,79.902496,94323200
2019/5/8,50.474998,51.334999,50.4375,50.724998,105358000,50.5272499,51.334999,2019/5/8,0,1.599%,2019/5/7,51.470001,51.855,50.2075,50.715,155054800
2020/2/19,80,81.142502,80,80.904999,93984000,80.1142502,81.162498,2020/2/20,1,1.308%,2020/2/18,78.839996,79.9375,78.652496,79.75,152531200
2020/2/14,81.184998,81.495003,80.712502,81.237503,80113600,80.7907521,81.495003,2020/2/14,0,0.872%,2020/2/13,81.047501,81.555,80.837502,81.217499,94747600
2020/2/13,81.047501,81.555,80.837502,81.217499,94747600,80.9092518,81.555,2020/2/13,0,0.798%,2020/2/12,80.3675,81.805,80.3675,81.800003,113730400
2019/5/3,52.7225,52.959999,52.557499,52.9375,83569600,52.597749,52.959999,2019/5/3,0,0.689%,2019/5/2,52.459999,53.162498,52.032501,52.287498,127985200
